"Date","Price","Open","High","Low","Vol.","Change %"
"11/07/2022","336.00","337.25","340.25","335.25","26.29K","-0.96%"
"11/04/2022","339.25","340.25","343.25","337.50","18.51K","-0.44%"
"11/03/2022","340.75","338.50","341.75","337.25","28.85K","-0.15%"
"11/02/2022","341.25","357.25","357.75","338.75","53.53K","-4.61%"
"11/01/2022","357.75","349.75","359.75","349.25","22.54K","1.56%"
"10/31/2022","352.25","351.75","353.25","344.50","43.43K","4.37%"
"10/28/2022","337.50","334.75","338.25","334.50","18.83K","0.30%"
"10/27/2022","336.50","336.50","340.00","335.75","20.48K","0.67%"
"10/26/2022","334.25","337.00","337.50","333.25","25.27K","-0.67%"
"10/25/2022","336.50","337.25","339.75","335.25","21.61K","-0.74%"
"10/24/2022","339.00","340.00","340.75","336.50","19.73K","-0.88%"
"10/21/2022","342.00","337.50","342.50","335.75","27.79K","0.96%"
"10/20/2022","338.75","337.25","340.50","336.75","24.43K","0.82%"
"10/19/2022","336.00","336.00","341.00","335.00","35.32K","0.37%"
"10/18/2022","334.75","344.50","344.50","333.50","47.67K","-3.32%"
"10/17/2022","346.25","349.50","352.25","345.00","33.17K","-1.28%"
"10/14/2022","350.75","355.00","355.75","349.50","21.06K","-1.54%"
"10/13/2022","356.25","351.25","358.00","348.00","40.25K","0.85%"
"10/12/2022","353.25","354.75","355.50","350.50","34.35K","-0.77%"
"10/11/2022","356.00","360.75","362.00","355.00","37.03K","-2.26%"
"10/10/2022","364.25","355.75","365.00","355.00","55.46K","4.67%"
"10/07/2022","348.00","345.50","353.00","345.25","20.11K","0.87%"
"10/06/2022","345.00","351.00","351.50","344.25","26.26K","-2.20%"
"10/05/2022","352.75","349.00","355.75","347.25","26.98K","0.86%"
"10/04/2022","349.75","351.75","353.75","346.50","38.75K","-0.36%"
"10/03/2022","351.00","360.00","360.25","349.75","34.61K","-1.61%"
"09/30/2022","356.75","354.00","360.25","351.75","34.32K","1.28%"
"09/29/2022","352.25","353.00","356.50","349.25","33.23K","-0.42%"
"09/28/2022","353.75","348.75","355.00","347.00","37.61K","1.51%"
"09/27/2022","348.50","345.75","351.00","344.25","25.39K","1.23%"
"09/26/2022","344.25","343.50","346.25","341.75","25.41K","-0.58%"
"09/23/2022","346.25","346.50","349.50","342.50","33.84K","-0.86%"
"09/22/2022","349.25","348.75","350.25","343.50","30.01K","0.65%"
"09/21/2022","347.00","345.50","348.75","339.50","60.40K","2.28%"
"09/20/2022","339.25","326.75","339.75","326.00","51.41K","4.14%"
"09/19/2022","325.75","332.00","332.50","325.25","30.24K","-2.40%"
"09/16/2022","333.75","330.75","334.25","327.75","28.71K","0.45%"
"09/15/2022","332.25","337.25","337.50","330.75","24.69K","-1.48%"
"09/14/2022","337.25","337.25","337.75","334.00","21.47K","0.30%"
"09/13/2022","336.25","337.75","340.75","335.75","31.22K","1.82%"
"09/12/2022","330.25","320.00","333.75","320.00","0.20K","-0.23%"
"09/09/2022","331.00","319.00","331.00","318.50","0.83K","3.28%"
"09/08/2022","320.50","324.75","325.75","318.00","0.39K","-1.76%"
"09/07/2022","326.25","321.50","328.00","314.75","0.85K","3.82%"
"09/06/2022","314.25","321.00","325.25","312.25","2.36K","-2.71%"
"09/05/2022","323.00","323.75","325.75","322.00","2.28K","-0.23%"
"09/02/2022","323.75","328.25","330.00","322.00","2.99K","-1.52%"
"09/01/2022","328.75","330.00","333.50","327.50","2.48K","-1.05%"
"08/31/2022","332.25","330.25","333.50","327.50","2.89K","0.61%"
"08/30/2022","330.25","335.50","338.50","329.75","2.79K","-1.71%"
"08/29/2022","336.00","328.00","337.25","326.25","3.48K","1.74%"
"08/26/2022","330.25","326.50","331.00","322.25","4.15K","0.99%"
"08/25/2022","327.00","331.00","332.50","326.00","6.70K","-0.68%"
"08/24/2022","329.25","335.00","338.50","324.50","6.16K","-0.90%"
"08/23/2022","332.25","325.25","333.25","325.25","6.28K","3.34%"
"08/22/2022","321.50","314.75","323.50","313.00","6.11K","2.06%"
"08/19/2022","315.00","314.75","316.50","311.00","8.73K","0.40%"
"08/18/2022","313.75","322.50","323.00","307.75","15.46K","-4.13%"
"08/17/2022","327.25","332.75","333.50","322.50","15.01K","-1.43%"
"08/16/2022","332.00","339.25","339.50","330.50","19.39K","-2.28%"
"08/15/2022","339.75","337.50","340.25","333.00","6.67K","0.30%"
"08/12/2022","338.75","335.50","340.00","335.00","7.66K","0.22%"
"08/11/2022","338.00","339.25","341.25","336.50","14.68K","-0.73%"
"08/10/2022","340.50","341.75","342.00","337.75","15.64K","0.07%"
"08/09/2022","340.25","341.75","344.25","336.75","10.57K","-0.22%"
"08/08/2022","341.00","342.75","344.50","335.50","14.68K","-0.44%"
"08/05/2022","342.50","344.00","347.25","337.00","12.92K","0.07%"
"08/04/2022","342.25","339.00","345.25","337.00","16.23K","1.56%"
"08/03/2022","337.00","340.00","345.00","335.50","15.53K","-0.59%"
"08/02/2022","339.00","333.25","340.00","332.50","15.15K","0.89%"
"08/01/2022","336.00","343.25","343.75","333.00","15.43K","-2.04%"
"07/29/2022","343.00","346.00","353.75","342.00","18.27K","0.51%"
"07/28/2022","341.25","343.75","347.75","340.50","19.37K","0.37%"
"07/27/2022","340.00","346.50","351.75","337.50","18.78K","-1.31%"
"07/26/2022","344.50","336.75","346.75","335.25","20.74K","3.84%"
"07/25/2022","331.75","334.75","335.50","325.25","21.78K","1.84%"
"07/22/2022","325.75","340.50","340.50","325.00","31.86K","-7.13%"
"07/21/2022","350.75","341.50","352.00","340.25","22.51K","3.16%"
"07/20/2022","340.00","338.00","347.00","337.00","26.02K","0.89%"
"07/19/2022","337.00","334.75","340.50","328.75","25.99K","0.52%"
"07/18/2022","335.25","330.00","340.50","325.25","26.62K","3.00%"
"07/15/2022","325.50","340.50","344.00","324.00","23.47K","-5.03%"
"07/14/2022","342.75","343.25","349.50","335.50","18.11K","-0.44%"
"07/13/2022","344.25","344.75","346.00","333.75","23.84K","0.73%"
"07/12/2022","341.75","351.25","351.25","340.25","27.96K","-3.05%"
"07/11/2022","352.50","365.00","371.25","351.75","27.58K","-1.26%"
"07/08/2022","357.00","343.50","358.25","342.50","19.60K","5.39%"
"07/07/2022","338.75","334.50","340.00","330.75","26.80K","4.07%"
"07/06/2022","325.50","333.00","339.25","322.00","32.57K","-1.88%"
"07/05/2022","331.75","343.00","347.75","328.75","37.51K","-3.35%"
"07/04/2022","343.25","338.25","344.75","334.00","16.29K","2.62%"
"07/01/2022","334.50","343.25","350.25","331.00","31.96K","-4.50%"
"06/30/2022","350.25","359.25","361.25","347.50","31.79K","-2.30%"
"06/29/2022","358.50","357.00","364.00","357.00","27.59K","0.49%"
"06/28/2022","356.75","355.00","360.25","353.75","31.53K","1.93%"
"06/27/2022","350.00","356.75","360.25","349.25","22.12K","-2.03%"
"06/24/2022","357.25","357.25","364.75","355.00","23.61K","-0.49%"
"06/23/2022","359.00","365.00","366.50","352.00","30.11K","-3.10%"
"06/22/2022","370.50","368.75","381.50","366.75","35.91K","-0.54%"
"06/21/2022","372.50","384.25","386.50","370.50","39.46K","-4.06%"
"06/20/2022","388.25","389.75","391.50","382.50","21.52K","-0.83%"
"06/17/2022","391.50","400.00","400.75","389.50","25.69K","-1.57%"
"06/16/2022","397.75","394.75","398.00","391.25","22.09K","1.27%"
"06/15/2022","392.75","390.25","395.00","387.00","25.06K","0.13%"
"06/14/2022","392.25","392.75","394.00","387.75","20.00K","-0.57%"
"06/13/2022","394.50","394.50","399.50","390.50","15.65K","0.70%"
"06/10/2022","391.75","383.50","392.25","383.00","12.26K","1.42%"
"06/09/2022","386.25","380.75","386.75","376.75","22.76K","1.18%"
"06/08/2022","381.75","388.00","392.75","381.25","18.08K","-0.97%"
"06/07/2022","385.50","395.00","396.00","380.00","20.82K","-3.02%"
"06/06/2022","397.50","390.00","403.00","388.25","17.02K","5.09%"
"06/03/2022","378.25","383.75","385.75","374.75","19.84K","-1.11%"
"06/02/2022","382.50","382.50","387.25","380.75","20.73K","0.53%"
"06/01/2022","380.50","391.25","397.75","374.75","38.52K","-3.00%"
"05/31/2022","392.25","404.50","407.75","389.25","31.02K","-3.56%"
"05/30/2022","406.75","416.00","416.25","405.50","11.14K","-1.93%"
"05/27/2022","414.75","408.25","417.00","405.75","15.92K","1.28%"
"05/26/2022","409.50","401.00","413.75","396.75","15.81K","1.24%"
"05/25/2022","404.50","400.00","407.75","399.50","28.04K","-1.46%"
"05/24/2022","410.50","428.75","430.75","409.00","30.33K","-3.64%"
"05/23/2022","426.00","424.00","427.00","419.75","12.77K","1.25%"
"05/20/2022","420.75","423.75","425.75","416.75","15.80K","-0.36%"
"05/19/2022","422.25","428.25","429.00","418.00","25.23K","-1.92%"
"05/18/2022","430.50","435.50","440.00","428.50","21.35K","-1.77%"
"05/17/2022","438.25","427.25","444.50","426.50","30.19K","0.00%"
"05/16/2022","438.25","435.00","443.25","432.25","26.59K","5.22%"
"05/13/2022","416.50","422.00","424.50","415.50","18.55K","0.66%"
"05/12/2022","413.75","402.75","416.25","402.00","18.10K","2.60%"
"05/11/2022","403.25","399.75","404.00","399.50","15.92K","1.45%"
"05/10/2022","397.50","399.00","403.00","395.00","1.52K","-0.13%"
"05/09/2022","398.00","409.75","414.75","397.00","2.68K","-2.03%"
"05/06/2022","406.25","399.75","408.25","399.50","1.36K","1.31%"
"05/05/2022","401.00","391.75","402.50","391.75","1.82K","2.69%"
"05/04/2022","390.50","388.25","394.50","382.25","4.69K","-0.06%"
"05/03/2022","390.75","400.25","409.00","388.50","4.58K","-3.04%"
"05/02/2022","403.00","400.50","407.00","392.00","5.47K","0.56%"
"04/29/2022","400.75","417.75","417.75","399.25","9.96K","-3.78%"
"04/28/2022","416.50","417.50","427.75","410.50","13.87K","-0.42%"
"04/27/2022","418.25","413.75","419.50","412.25","8.10K","0.72%"
"04/26/2022","415.25","413.00","415.50","411.00","16.15K","1.71%"
"04/25/2022","408.25","406.00","412.00","401.25","10.37K","0.31%"
"04/22/2022","407.00","404.25","414.00","404.25","15.20K","0.31%"
"04/21/2022","405.75","398.25","408.50","396.75","22.42K","1.82%"
"04/20/2022","398.50","399.50","400.50","394.50","22.53K","-0.25%"
"04/19/2022","399.50","410.00","411.00","397.75","29.23K","-0.37%"
"04/14/2022","401.00","405.00","411.00","400.00","14.27K","-0.50%"
"04/13/2022","403.00","394.00","409.50","390.75","29.95K","0.94%"
"04/12/2022","399.25","383.00","400.00","382.75","25.51K","5.20%"
"04/11/2022","379.50","375.00","380.50","373.75","12.36K","1.81%"
"04/08/2022","372.75","364.25","375.00","363.50","16.43K","2.47%"
"04/07/2022","363.75","363.50","367.50","363.00","12.85K","-0.07%"
"04/06/2022","364.00","363.75","369.75","362.75","14.02K","-0.14%"
"04/05/2022","364.50","369.50","372.75","363.75","17.52K","0.21%"
"04/04/2022","363.75","369.50","370.50","362.50","13.29K","-0.41%"
"04/01/2022","365.25","365.75","372.25","362.75","17.87K","-1.15%"
"03/31/2022","369.50","363.25","374.00","360.75","17.12K","1.93%"
"03/30/2022","362.50","357.50","367.25","355.50","26.95K","1.40%"
"03/29/2022","357.50","371.00","373.50","347.50","36.86K","-3.31%"
"03/28/2022","369.75","374.25","377.00","367.75","17.82K","-3.02%"
"03/25/2022","381.25","373.25","383.50","371.25","19.76K","1.26%"
"03/24/2022","376.50","381.75","383.50","374.00","19.88K","-2.08%"
"03/23/2022","384.50","382.25","388.50","380.00","18.30K","1.45%"
"03/22/2022","379.00","379.50","388.75","373.25","24.15K","0.60%"
"03/21/2022","376.75","364.00","378.75","364.00","14.92K","4.15%"
"03/18/2022","361.75","365.00","366.25","360.25","14.69K","-1.63%"
"03/17/2022","367.75","365.50","370.75","361.00","19.77K","1.17%"
"03/16/2022","363.50","381.50","384.25","360.00","34.29K","-5.95%"
"03/15/2022","386.50","385.00","392.50","374.00","27.61K","2.05%"
"03/14/2022","378.75","366.50","386.50","362.25","27.84K","2.16%"
"03/11/2022","370.75","374.25","376.00","362.50","25.57K","-4.01%"
"03/10/2022","386.25","387.25","388.00","384.25","0.09K","-4.28%"
"03/09/2022","403.50","398.00","403.75","392.25","0.08K","2.15%"
"03/08/2022","395.00","424.50","425.00","395.00","0.07K","-6.51%"
"03/07/2022","422.50","430.00","450.00","422.50","0.18K","7.30%"
"03/04/2022","393.75","400.00","426.00","377.25","0.76K","3.14%"
"03/03/2022","381.75","366.00","390.75","355.00","0.78K","5.75%"
"03/02/2022","361.00","370.00","390.00","349.75","2.78K","2.78%"
"03/01/2022","351.25","331.25","352.25","331.25","5.64K","8.91%"
"02/28/2022","322.50","302.50","323.75","302.50","3.83K","11.21%"
"02/25/2022","290.00","308.50","314.25","289.25","5.52K","-8.37%"
"02/24/2022","316.50","307.25","344.00","307.25","11.20K","10.28%"
"02/23/2022","287.00","280.00","287.75","279.00","11.09K","3.05%"
"02/22/2022","278.50","281.00","282.75","273.25","16.81K","1.64%"
"02/21/2022","274.00","272.00","275.00","269.00","8.56K","0.83%"
"02/18/2022","271.75","264.75","272.75","262.75","18.50K","2.55%"
"02/17/2022","265.00","266.75","267.25","263.25","13.55K","0.76%"
"02/16/2022","263.00","266.00","266.00","262.50","22.79K","-1.41%"
"02/15/2022","266.75","270.25","270.25","264.50","32.24K","-2.65%"
"02/14/2022","274.00","271.50","274.50","269.00","31.83K","1.95%"
"02/11/2022","268.75","261.25","269.50","261.25","17.74K","2.77%"
"02/10/2022","261.50","266.50","271.25","260.75","34.48K","-0.48%"
"02/09/2022","262.75","265.25","265.50","261.00","34.11K","-0.66%"
"02/08/2022","264.50","264.50","266.25","260.75","18.40K","-0.56%"
"02/07/2022","266.00","267.00","269.00","265.00","17.37K","0.19%"
"02/04/2022","265.50","262.00","266.50","260.75","22.88K","1.63%"
"02/03/2022","261.25","262.25","263.25","259.00","36.50K","-1.14%"
"02/02/2022","264.25","268.25","269.50","263.25","32.12K","-1.86%"
"02/01/2022","269.25","267.75","272.25","267.00","31.89K","1.22%"
"01/31/2022","266.00","280.50","281.75","264.00","38.25K","-4.57%"
"01/28/2022","278.75","279.75","281.25","275.25","19.93K","0.54%"
"01/27/2022","277.25","280.50","283.50","275.50","25.94K","-1.42%"
"01/26/2022","281.25","288.25","289.00","280.00","30.10K","-3.27%"
"01/25/2022","290.75","284.25","291.75","284.25","48.29K","3.47%"
"01/24/2022","281.00","273.75","281.50","273.50","34.00K","3.12%"
"01/21/2022","272.50","272.50","275.00","271.00","15.14K","-0.46%"
"01/20/2022","273.75","275.25","276.00","272.25","28.05K","-0.36%"
"01/19/2022","274.75","270.75","275.00","269.75","46.28K","2.61%"
"01/18/2022","267.75","266.75","269.25","264.50","28.12K","0.75%"
"01/17/2022","265.75","263.25","266.50","262.25","16.33K","0.85%"
"01/14/2022","263.50","263.75","265.00","259.75","39.40K","-0.85%"
"01/13/2022","265.75","269.25","269.25","264.50","38.40K","-2.03%"
"01/12/2022","271.25","277.00","277.25","270.50","35.88K","-1.99%"
"01/11/2022","276.75","275.00","278.25","275.00","20.43K","0.45%"
"01/10/2022","275.50","274.00","276.50","273.25","18.20K","0.36%"
"01/07/2022","274.50","271.50","275.00","270.75","25.59K","0.55%"
"01/06/2022","273.00","274.25","275.00","271.75","26.50K","-1.09%"
"01/05/2022","276.00","278.25","279.75","274.50","22.72K","-1.16%"
"01/04/2022","279.25","273.00","279.50","273.00","26.06K","1.92%"
"01/03/2022","274.00","280.25","282.00","272.25","32.21K","-1.62%"
"12/31/2021","278.50","280.50","281.00","277.50","5.45K","-0.54%"
"12/30/2021","280.00","281.00","282.25","279.50","6.46K","-0.80%"
"12/29/2021","282.25","280.75","282.75","279.00","17.02K","0.62%"
"12/28/2021","280.50","288.00","288.00","279.50","30.38K","-3.11%"
"12/27/2021","289.50","292.00","295.00","288.75","6.41K","-0.26%"
"12/24/2021","290.25","291.00","291.50","288.75","1.19K","-0.17%"
"12/23/2021","290.75","293.00","293.25","288.75","17.35K","-0.51%"
"12/22/2021","292.25","287.75","293.00","286.25","29.84K","2.54%"
"12/21/2021","285.00","280.00","286.75","278.00","24.35K","1.88%"
"12/20/2021","279.75","275.00","280.00","272.75","17.79K","0.45%"
"12/17/2021","278.50","278.00","279.75","276.25","22.29K","0.91%"
"12/16/2021","276.00","276.50","277.75","272.25","31.50K","0.09%"
"12/15/2021","275.75","280.00","281.75","274.25","38.59K","-2.99%"
"12/14/2021","284.25","284.25","285.50","280.25","28.72K","-0.70%"
"12/13/2021","286.25","283.00","286.50","279.50","30.02K","2.69%"
"12/10/2021","278.75","278.50","281.75","278.25","0.01K","0.63%"
"12/09/2021","277.00","278.50","281.00","276.25","0.20K","-0.72%"
"12/08/2021","279.00","279.75","279.75","274.00","0.74K","-0.45%"
"12/07/2021","280.25","280.00","283.75","276.75","0.59K","-0.27%"
"12/06/2021","281.00","283.00","284.25","279.00","1.17K","-0.71%"
"12/03/2021","283.00","289.25","289.75","281.75","1.17K","-2.58%"
"12/02/2021","290.50","285.25","291.50","284.50","1.64K","3.01%"
"12/01/2021","282.00","284.00","285.00","279.25","2.60K","0.89%"
"11/30/2021","279.50","283.50","287.00","277.00","2.66K","-2.61%"
"11/29/2021","287.00","300.50","302.50","286.25","8.56K","-4.09%"
"11/26/2021","299.25","302.75","302.75","297.50","6.06K","-2.05%"
"11/25/2021","305.50","307.00","307.00","302.25","5.34K","-0.24%"
"11/24/2021","306.25","312.75","313.50","305.00","24.30K","-1.69%"
"11/23/2021","311.50","307.75","312.25","307.00","23.40K","0.81%"
"11/22/2021","309.00","303.75","310.25","303.75","21.91K","3.09%"
"11/19/2021","299.75","299.00","303.25","294.75","17.10K","0.93%"
"11/18/2021","297.00","296.75","301.00","296.50","18.57K","0.51%"
"11/17/2021","295.50","289.75","298.00","289.00","27.37K","2.25%"
"11/16/2021","289.00","295.00","296.50","288.50","33.76K","-1.95%"
"11/15/2021","294.75","297.00","297.00","293.00","41.68K","-0.84%"
"11/12/2021","297.25","298.75","299.25","294.50","29.61K","0.08%"
"11/11/2021","297.00","295.75","300.50","295.00","24.79K","0.76%"
"11/10/2021","294.75","287.00","295.25","286.25","34.82K","3.06%"
"11/09/2021","286.00","284.75","286.50","282.25","22.71K","0.79%"
"11/08/2021","283.75","288.75","289.00","282.75","21.40K","-1.39%"
"11/05/2021","287.75","291.25","291.50","287.50","20.09K","-0.78%"
"11/04/2021","290.00","291.25","292.25","289.25","16.05K","0.17%"
"11/03/2021","289.50","293.50","296.00","289.00","27.21K","-1.11%"
"11/02/2021","292.75","292.75","297.00","291.75","21.97K","0.52%"
"11/01/2021","291.25","283.75","293.25","283.50","28.48K","2.82%"
"10/29/2021","283.25","283.00","284.50","281.25","15.75K","0.09%"
"10/28/2021","283.00","285.25","286.25","282.25","22.43K","-0.61%"
"10/27/2021","284.75","280.75","286.75","280.25","25.13K","0.00%"
"10/26/2021","284.75","281.25","285.00","279.25","21.05K","0.98%"
"10/25/2021","282.00","282.00","283.00","280.25","20.57K","0.71%"
"10/22/2021","280.00","278.25","280.75","278.00","22.94K","1.27%"
"10/21/2021","276.50","277.50","278.00","275.50","16.44K","-0.63%"
"10/20/2021","278.25","275.00","278.75","274.00","18.87K","1.64%"
"10/19/2021","273.75","275.25","276.00","272.25","16.66K","-0.09%"
"10/18/2021","274.00","276.50","277.75","273.00","26.16K","-0.72%"
"10/15/2021","276.00","271.50","276.75","270.75","34.61K","2.03%"
"10/14/2021","270.50","266.00","271.00","265.50","36.16K","2.17%"
"10/13/2021","264.75","271.50","271.50","264.00","41.21K","-2.49%"
"10/12/2021","271.50","269.00","273.00","267.25","46.18K","1.12%"
"10/11/2021","268.50","269.50","271.50","267.25","19.35K","-0.19%"
"10/08/2021","269.00","269.50","272.00","268.25","28.57K","-0.09%"
"10/07/2021","269.25","268.00","270.00","265.50","21.73K","0.37%"
"10/06/2021","268.25","262.75","268.75","262.75","28.23K","2.09%"
"10/05/2021","262.75","265.00","265.00","261.25","36.61K","-0.94%"
"10/04/2021","265.25","265.00","266.50","263.25","35.47K","0.38%"
"10/01/2021","264.25","260.75","265.75","259.25","43.57K","2.42%"
"09/30/2021","258.00","255.75","262.75","255.75","42.82K","0.78%"
"09/29/2021","256.00","254.00","257.75","253.00","30.92K","0.79%"
"09/28/2021","254.00","252.75","257.25","252.25","45.56K","0.30%"
"09/27/2021","253.25","253.25","253.75","251.50","26.77K","0.00%"
"09/24/2021","253.25","250.50","253.75","250.25","","0.50%"
"09/23/2021","252.00","251.00","252.50","249.75","40.68K","1.00%"
"09/22/2021","249.50","245.25","249.75","244.75","33.95K","2.15%"
"09/21/2021","244.25","245.25","246.75","243.25","30.75K","-0.61%"
"09/20/2021","245.75","246.75","247.00","244.75","27.69K","-0.81%"
"09/17/2021","247.75","249.00","249.25","247.00","17.44K","-0.40%"
"09/16/2021","248.75","248.50","249.25","247.00","29.49K","0.10%"
"09/15/2021","248.50","243.25","249.25","243.25","43.43K","2.26%"
"09/14/2021","243.00","240.50","244.25","240.00","45.80K","1.67%"
"09/13/2021","239.00","237.50","239.25","236.75","28.62K","1.38%"
"09/10/2021","235.75","231.00","236.00","231.00","0.12K","0.21%"
"09/09/2021","235.25","235.25","240.00","233.75","0.16K","-1.77%"
"09/08/2021","239.50","239.00","240.00","238.00","0.24K","0.10%"
"09/07/2021","239.25","243.50","243.50","236.00","0.32K","-0.31%"
"09/06/2021","240.00","243.50","245.25","235.00","1.57K","-1.54%"
"09/03/2021","243.75","249.00","249.00","243.50","1.69K","-1.91%"
"09/02/2021","248.50","245.50","252.75","245.50","1.56K","-0.90%"
"09/01/2021","250.75","252.00","253.00","248.00","0.75K","0.80%"
"08/31/2021","248.75","250.00","253.75","245.50","1.62K","-0.80%"
"08/30/2021","250.75","253.00","255.00","250.75","0.98K","0.30%"
"08/27/2021","250.00","250.25","252.25","247.00","1.97K","-0.40%"
"08/26/2021","251.00","248.75","261.00","247.00","4.97K","2.34%"
"08/25/2021","245.25","272.75","272.75","243.25","10.85K","-10.08%"
"08/24/2021","272.75","273.75","274.50","269.50","3.47K","-0.27%"
"08/23/2021","273.50","274.50","283.75","268.50","6.66K","0.09%"
"08/20/2021","273.25","262.00","279.25","261.50","12.64K","4.69%"
"08/19/2021","261.00","253.75","262.00","251.00","12.39K","2.65%"
"08/18/2021","254.25","244.50","257.00","242.25","9.07K","3.46%"
"08/17/2021","245.75","251.50","251.50","244.75","15.97K","-2.67%"
"08/16/2021","252.50","255.25","259.00","249.75","19.23K","-0.79%"
"08/13/2021","254.50","246.50","260.00","246.00","41.04K","3.56%"
"08/12/2021","245.75","237.50","246.75","236.50","27.25K","3.91%"
"08/11/2021","236.50","233.25","238.50","233.00","15.94K","0.85%"
"08/10/2021","234.50","229.50","235.50","229.00","15.08K","2.29%"
"08/09/2021","229.25","228.50","230.00","227.75","10.27K","-0.11%"
"08/06/2021","229.50","224.50","230.75","224.25","11.08K","2.00%"
"08/05/2021","225.00","225.00","227.25","224.00","18.56K","0.33%"
"08/04/2021","224.25","230.00","231.75","223.75","36.53K","-1.75%"
"08/03/2021","228.25","226.75","231.00","226.00","22.29K","-0.11%"
"08/02/2021","228.50","225.00","229.00","224.00","23.28K","2.35%"
"07/30/2021","223.25","221.50","224.00","216.75","30.05K","1.13%"
"07/29/2021","220.75","218.00","221.50","217.00","30.65K","2.08%"
"07/28/2021","216.25","213.00","216.50","213.00","23.80K","2.00%"
"07/27/2021","212.00","213.25","214.50","211.00","18.99K","-0.47%"
"07/26/2021","213.00","209.50","213.00","209.00","18.45K","0.47%"
"07/23/2021","212.00","210.00","213.00","208.75","14.12K","0.95%"
"07/22/2021","210.00","211.50","212.50","209.00","23.32K","-1.75%"
"07/21/2021","213.75","216.75","217.00","212.75","17.90K","-0.81%"
"07/20/2021","215.50","217.50","218.00","215.25","17.22K","0.58%"
"07/19/2021","214.25","217.25","217.50","212.50","20.74K","0.00%"
"07/16/2021","214.25","210.00","215.00","210.00","22.61K","2.63%"
"07/15/2021","208.75","208.50","210.25","207.00","15.69K","0.24%"
"07/14/2021","208.25","203.50","209.00","201.75","20.65K","2.84%"
"07/13/2021","202.50","199.75","203.50","197.75","17.08K","1.76%"
"07/12/2021","199.00","197.50","200.50","196.75","18.96K","0.89%"
"07/09/2021","197.25","198.50","199.50","196.75","13.64K","-1.25%"
"07/08/2021","199.75","199.50","201.75","198.25","18.06K","-0.13%"
"07/07/2021","200.00","199.50","200.75","198.75","24.18K","0.88%"
"07/06/2021","198.25","199.75","200.25","196.25","28.82K","-1.12%"
"07/05/2021","200.50","204.75","205.00","199.50","24.57K","-2.20%"
"07/02/2021","205.00","209.25","210.25","204.25","14.74K","-1.91%"
"07/01/2021","209.00","210.75","214.00","208.25","22.88K","-0.12%"
"06/30/2021","209.25","202.25","210.75","201.50","31.14K","3.21%"
"06/29/2021","202.75","202.25","204.25","202.25","8.24K","-0.12%"
"06/28/2021","203.00","202.25","204.25","202.00","14.66K","0.74%"
"06/25/2021","201.50","205.75","206.00","200.75","21.26K","-1.47%"
"06/24/2021","204.50","206.25","207.75","203.50","20.95K","-1.09%"
"06/23/2021","206.75","208.25","209.50","206.00","17.69K","-0.12%"
"06/22/2021","207.00","208.00","209.00","207.00","11.55K","-0.12%"
"06/21/2021","207.25","206.50","208.75","204.50","12.63K","-0.48%"
"06/18/2021","208.25","205.00","209.00","204.75","14.71K","1.83%"
"06/17/2021","204.50","205.50","206.00","204.25","19.74K","-0.97%"
"06/16/2021","206.50","205.75","207.75","205.25","16.19K","0.36%"
"06/15/2021","205.75","207.00","208.00","205.25","21.30K","-1.56%"
"06/14/2021","209.00","208.00","210.00","206.50","16.93K","-1.07%"
"06/11/2021","211.25","211.75","213.75","209.25","25.21K","-0.59%"
"06/10/2021","212.50","212.75","214.75","210.25","27.08K","0.00%"
"06/09/2021","212.50","215.00","215.00","211.50","20.50K","-1.73%"
"06/08/2021","216.25","218.50","218.75","215.50","15.23K","-0.12%"
"06/07/2021","216.50","217.25","219.75","215.50","16.21K","0.81%"
"06/04/2021","214.75","215.50","217.00","214.25","12.13K","-0.35%"
"06/03/2021","215.50","217.75","220.00","213.75","18.08K","0.23%"
"06/02/2021","215.00","219.50","221.50","214.25","19.48K","-1.71%"
"06/01/2021","218.75","215.00","219.00","213.75","23.10K","2.34%"
"05/31/2021","213.75","210.75","214.25","209.75","6.09K","1.18%"
"05/28/2021","211.25","212.50","212.75","209.00","17.58K","-0.35%"
"05/27/2021","212.00","207.00","212.50","206.75","20.88K","2.91%"
"05/26/2021","206.00","204.00","206.75","201.75","29.15K","0.37%"
"05/25/2021","205.25","208.25","209.75","203.75","23.97K","-1.44%"
"05/24/2021","208.25","210.00","210.25","206.75","17.43K","-2.12%"
"05/21/2021","212.75","212.50","213.75","211.00","12.67K","-0.47%"
"05/20/2021","213.75","211.75","214.75","211.00","20.52K","1.06%"
"05/19/2021","211.50","212.50","213.75","209.75","34.95K","-1.63%"
"05/18/2021","215.00","216.25","218.50","214.00","15.31K","0.23%"
"05/17/2021","214.50","214.25","217.75","213.50","17.28K","-1.61%"
"05/14/2021","218.00","219.00","222.25","215.50","32.23K","0.93%"
"05/13/2021","216.00","224.00","224.00","214.50","27.10K","-4.21%"
"05/12/2021","225.50","228.00","229.75","224.00","17.32K","-0.55%"
"05/11/2021","226.75","223.25","229.50","222.50","16.08K","-7.73%"
"05/10/2021","245.75","245.00","255.00","231.00","3.28K","0.82%"
"05/07/2021","243.75","258.75","270.00","243.00","1.49K","-3.85%"
"05/06/2021","253.50","257.50","257.50","251.25","0.81K","2.01%"
"05/05/2021","248.50","252.75","259.75","247.00","1.74K","-1.49%"
"05/04/2021","252.25","242.25","255.00","240.25","1.59K","3.59%"
"05/03/2021","243.50","259.00","261.75","240.25","8.00K","-5.53%"
"04/30/2021","257.75","252.00","258.50","248.00","9.43K","2.59%"
"04/29/2021","251.25","250.50","257.50","249.00","8.89K","0.00%"
"04/28/2021","251.25","243.00","252.25","242.25","8.57K","1.62%"
"04/27/2021","247.25","249.25","252.75","245.75","12.53K","0.20%"
"04/26/2021","246.75","240.00","248.75","240.00","11.57K","4.44%"
"04/23/2021","236.25","235.00","237.75","233.00","7.73K","-0.94%"
"04/22/2021","238.50","233.00","240.00","232.50","18.07K","3.02%"
"04/21/2021","231.50","224.75","233.00","224.50","24.83K","3.81%"
"04/20/2021","223.00","217.25","224.00","216.75","13.28K","3.00%"
"04/19/2021","216.50","218.00","218.25","214.50","20.04K","-0.57%"
"04/16/2021","217.75","221.00","221.25","217.00","23.37K","-0.80%"
"04/15/2021","219.50","222.00","222.50","217.75","21.26K","-0.57%"
"04/14/2021","220.75","219.00","222.00","218.50","29.87K","1.49%"
"04/13/2021","217.50","212.00","218.75","211.00","17.84K","2.96%"
"04/12/2021","211.25","211.75","212.75","210.25","11.76K","-0.71%"
"04/09/2021","212.75","212.25","215.25","211.00","18.41K","0.47%"
"04/08/2021","211.75","207.75","212.75","207.75","19.94K","2.17%"
"04/07/2021","207.25","205.00","207.75","204.00","20.65K","0.73%"
"04/06/2021","205.75","209.50","210.75","205.00","28.77K","-1.67%"
"04/01/2021","209.25","216.00","216.75","207.25","34.76K","-2.90%"
"03/31/2021","215.50","210.25","218.00","208.75","36.13K","2.74%"
"03/30/2021","209.75","210.75","212.25","208.75","30.43K","-0.47%"
"03/29/2021","210.75","214.25","214.50","210.25","27.30K","-1.86%"
"03/26/2021","214.75","214.00","215.25","213.50","17.34K","0.35%"
"03/25/2021","214.00","217.50","217.50","213.50","39.41K","-2.06%"
"03/24/2021","218.50","221.25","222.25","217.50","30.08K","-1.13%"
"03/23/2021","221.00","218.50","222.25","218.25","24.17K","1.03%"
"03/22/2021","218.75","219.25","220.00","218.25","19.85K","-0.46%"
"03/19/2021","219.75","221.00","221.25","218.50","25.07K","-0.34%"
"03/18/2021","220.50","221.00","221.25","220.00","22.42K","-0.45%"
"03/17/2021","221.50","221.50","223.25","220.50","15.27K","-0.23%"
"03/16/2021","222.00","222.25","222.75","220.00","30.84K","-0.45%"
"03/15/2021","223.00","222.50","223.50","220.25","25.71K","-0.11%"
"03/12/2021","223.25","224.00","225.00","223.00","23.99K","-0.56%"
"03/11/2021","224.50","227.75","228.25","224.25","28.33K","-2.71%"
"03/10/2021","230.75","230.50","231.00","230.25","0.96K","-2.22%"
"03/09/2021","236.00","236.25","238.00","233.50","0.63K","-0.84%"
"03/08/2021","238.00","232.00","240.00","232.00","1.24K","2.81%"
"03/05/2021","231.50","236.25","236.25","230.75","2.19K","-2.01%"
"03/04/2021","236.25","238.00","238.75","235.50","1.34K","-0.42%"
"03/03/2021","237.25","246.00","247.00","236.25","2.48K","-3.16%"
"03/02/2021","245.00","251.00","252.50","242.75","5.72K","-2.00%"
"03/01/2021","250.00","245.00","252.75","244.75","6.75K","2.04%"
"02/26/2021","245.00","244.50","246.75","243.00","7.49K","-0.31%"
"02/25/2021","245.75","245.00","246.75","242.75","12.78K","0.20%"
"02/24/2021","245.25","241.00","246.25","240.75","11.08K","1.87%"
"02/23/2021","240.75","239.25","241.00","237.50","12.14K","0.52%"
"02/22/2021","239.50","239.50","241.75","238.50","17.90K","0.31%"
"02/19/2021","238.75","237.00","242.75","236.50","25.80K","0.53%"
"02/18/2021","237.50","229.50","238.00","229.50","45.81K","3.71%"
"02/17/2021","229.00","230.00","230.50","228.50","15.07K","-0.65%"
"02/16/2021","230.50","229.75","231.25","229.00","28.15K","0.88%"
"02/15/2021","228.50","225.00","229.75","224.25","27.05K","2.12%"
"02/12/2021","223.75","223.00","224.25","222.00","24.31K","0.56%"
"02/11/2021","222.50","221.25","224.00","221.25","19.52K","0.45%"
"02/10/2021","221.50","223.00","224.00","221.25","24.70K","-1.01%"
"02/09/2021","223.75","226.25","227.50","223.50","32.30K","-1.21%"
"02/08/2021","226.50","225.00","227.00","224.75","18.72K","0.89%"
"02/05/2021","224.50","225.00","226.75","223.50","18.78K","-0.11%"
"02/04/2021","224.75","226.00","226.75","224.00","20.26K","0.00%"
"02/03/2021","224.75","223.50","225.25","221.25","21.76K","-0.55%"
"02/02/2021","226.00","224.50","226.75","222.25","36.46K","1.12%"
"02/01/2021","223.50","228.25","228.75","222.50","30.20K","-1.54%"
"01/29/2021","227.00","229.25","230.00","224.00","43.90K","-1.20%"
"01/28/2021","229.75","228.50","231.75","227.00","50.72K","-0.54%"
"01/27/2021","231.00","230.25","232.75","229.00","40.46K","0.54%"
"01/26/2021","229.75","227.50","230.25","226.50","38.07K","1.43%"
"01/25/2021","226.50","223.75","227.25","222.00","38.85K","1.46%"
"01/22/2021","223.25","231.50","231.50","222.00","48.33K","-3.67%"
"01/21/2021","231.75","234.75","235.25","229.75","35.51K","-0.96%"
"01/20/2021","234.00","233.00","235.75","231.50","38.97K","-0.74%"
"01/19/2021","235.75","238.50","240.25","234.50","50.69K","0.00%"
"01/18/2021","235.75","232.25","236.00","232.25","21.58K","1.84%"
"01/15/2021","231.50","235.00","235.75","231.00","51.98K","0.76%"
"01/14/2021","229.75","226.75","230.25","226.25","33.91K","1.32%"
"01/13/2021","226.75","224.50","232.75","224.25","66.90K","1.00%"
"01/12/2021","224.50","220.50","225.00","220.25","55.75K","2.98%"
"01/11/2021","218.00","216.00","219.50","215.75","33.58K","0.58%"
"01/08/2021","216.75","215.50","217.00","214.75","21.32K","1.05%"
"01/07/2021","214.50","215.00","215.50","213.75","31.06K","-0.69%"
"01/06/2021","216.00","218.50","219.00","215.50","35.75K","-0.80%"
"01/05/2021","217.75","214.50","218.25","214.50","32.40K","1.63%"
"01/04/2021","214.25","215.50","216.25","213.50","27.56K","0.47%"
"12/31/2020","213.25","213.00","214.00","212.50","3.64K","0.12%"
"12/30/2020","213.00","211.00","214.50","211.00","16.06K","0.47%"
"12/29/2020","212.00","211.00","212.75","210.50","12.74K","0.47%"
"12/28/2020","211.00","211.50","211.75","208.25","17.57K","-0.35%"
"12/24/2020","211.75","211.50","212.00","210.75","4.43K","0.24%"
"12/23/2020","211.25","208.75","211.50","208.75","21.57K","1.08%"
"12/22/2020","209.00","207.50","209.75","207.25","12.04K","0.48%"
"12/21/2020","208.00","208.75","208.75","207.00","9.73K","-0.24%"
"12/18/2020","208.50","208.00","209.25","207.50","21.64K","0.60%"
"12/17/2020","207.25","206.25","207.50","205.25","20.75K","0.73%"
"12/16/2020","205.75","208.00","208.00","204.50","23.34K","-0.72%"
"12/15/2020","207.25","207.25","208.75","205.75","27.56K","0.48%"
"12/14/2020","206.25","209.75","210.25","205.75","35.19K","-2.02%"
"12/11/2020","210.50","205.50","211.25","205.50","41.81K","2.43%"
"12/10/2020","205.50","205.50","205.50","205.50","","2.24%"
"12/09/2020","201.00","209.00","210.00","201.00","1.77K","-3.83%"
"12/08/2020","209.00","206.25","210.00","206.25","1.12K","1.09%"
"12/07/2020","206.75","204.00","207.50","202.00","0.95K","0.85%"
"12/04/2020","205.00","208.00","208.75","204.25","2.29K","-1.56%"
"12/03/2020","208.25","209.75","209.75","206.25","7.33K","-0.72%"
"12/02/2020","209.75","209.75","210.75","208.50","12.26K","0.12%"
"12/01/2020","209.50","210.00","211.25","209.25","14.84K","-0.36%"
"11/30/2020","210.25","211.25","212.00","210.00","11.83K","-0.59%"
"11/27/2020","211.50","211.75","213.25","211.25","11.73K","0.00%"
"11/26/2020","211.50","210.50","211.75","210.50","6.91K","0.24%"
"11/25/2020","211.00","213.00","213.75","210.75","13.80K","-0.82%"
"11/24/2020","212.75","211.00","213.50","210.75","27.10K","0.59%"
"11/23/2020","211.50","211.50","212.50","211.25","21.82K","0.36%"
"11/20/2020","210.75","210.75","211.50","210.25","13.36K","0.12%"
"11/19/2020","210.50","211.75","212.50","210.25","16.25K","-1.06%"
"11/18/2020","212.75","210.50","213.00","209.75","19.67K","1.19%"
"11/17/2020","210.25","209.75","210.50","209.00","30.24K","0.48%"
"11/16/2020","209.25","209.50","209.75","208.25","17.18K","-0.36%"
"11/13/2020","210.00","209.50","210.25","208.75","21.36K","0.24%"
"11/12/2020","209.50","210.50","212.25","209.50","31.00K","-0.83%"
"11/11/2020","211.25","213.00","213.25","211.00","28.10K","-0.35%"
"11/10/2020","212.00","209.75","212.50","209.25","28.53K","1.31%"
"11/09/2020","209.25","207.75","210.00","207.50","12.42K","0.24%"
"11/06/2020","208.75","209.25","210.75","208.25","31.32K","-0.12%"
"11/05/2020","209.00","208.75","210.75","208.00","31.22K","1.09%"
"11/04/2020","206.75","204.75","207.75","204.25","22.59K","0.73%"
"11/03/2020","205.25","206.50","207.75","204.25","25.07K","0.12%"
"11/02/2020","205.00","204.50","205.75","202.75","25.30K","-0.12%"
"10/30/2020","205.25","205.00","206.25","204.00","27.07K","0.12%"
"10/29/2020","205.00","202.50","205.25","202.00","30.94K","0.49%"
"10/28/2020","204.00","204.00","204.75","202.50","43.51K","-0.85%"
"10/27/2020","205.75","208.25","208.75","205.25","31.19K","-0.72%"
"10/26/2020","207.25","209.00","209.00","206.50","37.18K","-1.19%"
"10/23/2020","209.75","209.25","210.75","208.75","40.29K","0.36%"
"10/22/2020","209.00","210.25","211.00","208.75","55.00K","-1.07%"
"10/21/2020","211.25","211.25","213.25","211.00","28.32K","0.00%"
"10/20/2020","211.25","212.50","214.00","210.25","32.23K","-0.24%"
"10/19/2020","211.75","210.50","212.00","208.75","39.27K","1.32%"
"10/16/2020","209.00","207.50","209.50","206.25","44.65K","1.09%"
"10/15/2020","206.75","204.50","207.25","204.00","34.89K","1.60%"
"10/14/2020","203.50","203.00","204.00","201.25","51.23K","0.37%"
"10/13/2020","202.75","201.75","203.50","201.50","34.47K","1.00%"
"10/12/2020","200.75","199.75","201.75","199.75","24.08K","0.25%"
"10/09/2020","200.25","199.75","200.75","198.00","32.54K","0.63%"
"10/08/2020","199.00","201.50","202.25","198.25","46.84K","-0.75%"
"10/07/2020","200.50","200.75","202.25","199.50","41.39K","0.25%"
"10/06/2020","200.00","197.50","201.00","197.25","41.74K","1.14%"
"10/05/2020","197.75","198.25","198.50","197.00","37.42K","0.51%"
"10/02/2020","196.75","196.50","197.00","194.50","36.11K","-0.13%"
"10/01/2020","197.00","197.75","198.50","196.50","39.47K","-0.38%"
"09/30/2020","197.75","192.75","198.25","192.75","54.00K","2.86%"
"09/29/2020","192.25","192.50","193.75","192.00","22.88K","-0.52%"
"09/28/2020","193.25","191.75","193.50","191.00","29.94K","0.52%"
"09/25/2020","192.25","192.00","193.00","192.00","18.34K","0.00%"
"09/24/2020","192.25","193.00","193.25","191.50","44.36K","-0.90%"
"09/23/2020","194.00","194.25","195.00","193.50","35.45K","-0.39%"
"09/22/2020","194.75","193.25","195.75","193.00","52.98K","0.78%"
"09/21/2020","193.25","193.50","195.00","193.00","40.52K","-0.64%"
"09/18/2020","194.50","193.00","194.75","192.00","46.59K","1.43%"
"09/17/2020","191.75","188.50","192.25","188.25","51.46K","1.99%"
"09/16/2020","188.00","186.50","188.25","186.50","29.51K","0.67%"
"09/15/2020","186.75","188.75","189.00","186.50","42.24K","-1.06%"
"09/14/2020","188.75","188.75","189.50","188.25","23.25K","0.13%"
"09/11/2020","188.50","190.00","190.00","188.25","29.48K","-0.79%"
"09/10/2020","190.00","191.50","192.00","186.75","0.03K","-0.52%"
"09/09/2020","191.00","187.75","191.50","186.50","0.35K","1.73%"
"09/08/2020","187.75","187.75","188.00","186.50","0.89K","0.00%"
"09/07/2020","187.75","189.75","190.00","187.00","0.95K","-0.79%"
"09/04/2020","189.25","189.75","190.00","189.00","1.18K","-0.26%"
"09/03/2020","189.75","192.50","194.00","188.50","2.87K","-1.43%"
"09/02/2020","192.50","190.00","192.50","189.50","4.43K","1.32%"
"09/01/2020","190.00","188.00","190.25","187.25","5.15K","1.20%"
"08/31/2020","187.75","188.75","189.75","187.25","4.08K","-0.13%"
"08/28/2020","188.00","188.00","188.75","187.25","3.84K","-0.27%"
"08/27/2020","188.50","186.50","188.50","186.25","7.22K","1.34%"
"08/26/2020","186.00","186.75","186.75","185.00","4.60K","-0.27%"
"08/25/2020","186.50","186.00","187.00","185.75","8.43K","0.40%"
"08/24/2020","185.75","185.25","187.00","185.25","9.59K","-0.27%"
"08/21/2020","186.25","182.25","186.75","182.25","16.79K","2.76%"
"08/20/2020","181.25","182.00","182.75","181.00","5.97K","-0.55%"
"08/19/2020","182.25","183.75","184.25","180.75","10.08K","-0.41%"
"08/18/2020","183.00","184.25","184.75","182.75","16.73K","-0.95%"
"08/17/2020","184.75","182.50","185.00","181.25","17.93K","2.21%"
"08/14/2020","180.75","178.25","182.50","177.50","17.44K","1.40%"
"08/13/2020","178.25","178.00","178.75","177.25","12.08K","0.42%"
"08/12/2020","177.50","177.25","178.00","177.00","11.96K","-0.14%"
"08/11/2020","177.75","176.75","178.25","176.75","16.07K","0.42%"
"08/10/2020","177.00","177.75","178.25","176.75","14.75K","-0.56%"
"08/07/2020","178.00","179.25","179.50","178.00","14.39K","-0.70%"
"08/06/2020","179.25","178.75","180.50","178.75","12.38K","0.00%"
"08/05/2020","179.25","179.75","180.75","179.00","13.19K","-0.28%"
"08/04/2020","179.75","180.25","180.50","179.25","15.04K","-0.28%"
"08/03/2020","180.25","181.75","182.00","180.25","13.20K","-1.37%"
"07/31/2020","182.75","183.50","184.50","182.25","21.77K","-0.14%"
"07/30/2020","183.00","180.75","184.50","180.25","28.36K","0.69%"
"07/29/2020","181.75","181.25","183.25","181.00","15.65K","0.55%"
"07/28/2020","180.75","182.75","183.25","180.25","18.99K","-1.09%"
"07/27/2020","182.75","184.75","184.75","182.50","15.25K","-1.62%"
"07/24/2020","185.75","184.00","186.25","184.00","18.19K","1.23%"
"07/23/2020","183.50","183.75","184.25","183.00","12.73K","-0.14%"
"07/22/2020","183.75","182.75","184.00","181.50","14.92K","0.41%"
"07/21/2020","183.00","181.75","183.50","181.00","15.45K","0.69%"
"07/20/2020","181.75","184.75","185.00","180.75","30.75K","-1.62%"
"07/17/2020","184.75","186.00","186.75","184.75","18.03K","-0.54%"
"07/16/2020","185.75","187.75","189.25","185.50","27.89K","-0.80%"
"07/15/2020","187.25","186.00","187.50","185.00","23.76K","0.94%"
"07/14/2020","185.50","185.50","186.75","185.25","5.61K","0.41%"
"07/13/2020","184.75","186.75","187.50","184.50","16.16K","-1.20%"
"07/10/2020","187.00","187.50","189.75","186.25","28.23K","-0.40%"
"07/09/2020","187.75","188.75","189.00","187.25","26.42K","0.40%"
"07/08/2020","187.00","185.00","187.25","185.00","26.07K","1.22%"
"07/07/2020","184.75","182.00","185.00","181.75","25.16K","1.23%"
"07/06/2020","182.50","182.75","183.25","181.50","12.99K","-0.14%"
"07/03/2020","182.75","181.00","183.50","180.50","11.82K","0.97%"
"07/02/2020","181.00","181.00","181.50","180.75","10.37K","-0.28%"
"07/01/2020","181.50","181.25","182.25","179.50","19.43K","0.55%"
"06/30/2020","180.50","178.25","181.00","178.25","25.44K","0.70%"
"06/29/2020","179.25","176.00","179.75","176.00","13.56K","1.70%"
"06/26/2020","176.25","177.25","177.75","175.75","29.31K","-0.56%"
"06/25/2020","177.25","177.00","178.25","177.00","11.81K","0.14%"
"06/24/2020","177.00","176.75","178.00","176.50","13.79K","0.00%"
"06/23/2020","177.00","178.25","179.50","176.50","20.09K","-0.84%"
"06/22/2020","178.50","179.50","179.75","178.25","16.22K","-1.11%"
"06/19/2020","180.50","180.25","181.00","179.00","12.86K","0.28%"
"06/18/2020","180.00","180.75","182.00","179.75","18.80K","-0.14%"
"06/17/2020","180.25","179.50","180.75","178.25","27.04K","0.28%"
"06/16/2020","179.75","181.50","182.00","179.50","21.19K","-0.83%"
"06/15/2020","181.25","183.00","183.25","181.00","9.90K","-1.23%"
"06/12/2020","183.50","182.00","183.75","182.00","16.85K","0.55%"
"06/11/2020","182.50","184.25","184.50","182.25","18.01K","-1.35%"
"06/10/2020","185.00","184.75","185.75","184.50","9.75K","0.27%"
"06/09/2020","184.50","185.75","186.00","184.25","15.08K","-0.81%"
"06/08/2020","186.00","186.25","187.00","184.75","12.67K","-0.40%"
"06/05/2020","186.75","187.25","188.25","185.75","15.94K","-0.40%"
"06/04/2020","187.50","186.00","188.75","185.25","26.63K","1.49%"
"06/03/2020","184.75","184.00","185.50","183.75","12.87K","0.27%"
"06/02/2020","184.25","186.50","187.25","183.75","16.91K","-1.21%"
"06/01/2020","186.50","188.00","188.25","185.25","13.10K","-0.93%"
"05/29/2020","188.25","187.75","189.00","186.50","12.65K","0.53%"
"05/28/2020","187.25","186.25","187.25","185.75","10.31K","0.40%"
"05/27/2020","186.50","188.00","188.75","186.00","10.03K","-0.67%"
"05/26/2020","187.75","188.50","188.50","186.75","17.19K","-0.79%"
"05/25/2020","189.25","188.50","189.50","188.00","9.40K","0.53%"
"05/22/2020","188.25","188.50","189.00","187.25","16.12K","-0.92%"
"05/21/2020","190.00","189.00","190.25","188.25","25.22K","1.06%"
"05/20/2020","188.00","184.50","188.25","184.25","21.85K","1.62%"
"05/19/2020","185.00","184.25","185.75","183.50","10.91K","0.27%"
"05/18/2020","184.50","186.25","187.00","184.25","15.95K","-1.07%"
"05/15/2020","186.50","185.50","187.00","185.25","19.69K","0.81%"
"05/14/2020","185.00","183.50","185.50","183.00","14.97K","0.54%"
"05/13/2020","184.00","186.00","186.25","184.00","19.55K","-1.34%"
"05/12/2020","186.50","187.25","187.50","185.75","12.47K","-6.05%"
"05/11/2020","198.50","195.00","204.00","190.00","0.19K","-1.00%"
"05/08/2020","200.50","207.00","208.50","199.00","1.66K","-2.79%"
"05/07/2020","206.25","204.25","209.50","204.25","2.73K","1.35%"
"05/06/2020","203.50","200.00","204.25","200.00","3.16K","1.88%"
"05/05/2020","199.75","196.25","200.00","196.25","2.61K","1.65%"
"05/04/2020","196.50","195.00","197.25","195.00","10.13K","0.38%"
"04/30/2020","195.75","194.50","196.00","194.25","14.65K","0.51%"
"04/29/2020","194.75","195.50","196.50","194.50","13.98K","-0.76%"
"04/28/2020","196.25","196.00","197.75","195.25","12.29K","0.13%"
"04/27/2020","196.00","197.00","197.00","195.75","13.21K","-0.88%"
"04/24/2020","197.75","199.25","199.25","197.25","16.83K","-0.75%"
"04/23/2020","199.25","204.00","204.75","199.25","25.36K","-1.97%"
"04/22/2020","203.25","202.75","203.50","202.25","18.20K","-0.25%"
"04/21/2020","203.75","202.50","205.50","202.50","20.25K","0.00%"
"04/20/2020","203.75","201.00","206.00","201.00","25.63K","2.64%"
"04/17/2020","198.50","195.75","199.25","195.25","20.62K","1.02%"
"04/16/2020","196.50","195.00","198.00","195.00","32.81K","0.90%"
"04/15/2020","194.75","195.00","196.00","194.25","30.10K","-1.14%"
"04/14/2020","197.00","198.75","199.50","196.50","31.59K","-0.51%"
"04/09/2020","198.00","197.25","199.50","197.25","25.98K","0.38%"
"04/08/2020","197.25","196.50","198.25","195.50","21.58K","0.90%"
"04/07/2020","195.50","194.00","196.50","193.75","17.53K","0.13%"
"04/06/2020","195.25","192.75","195.75","192.50","19.01K","2.23%"
"04/03/2020","191.00","192.25","193.50","190.75","24.34K","0.13%"
"04/02/2020","190.75","192.25","193.50","190.25","22.46K","-1.42%"
"04/01/2020","193.50","195.25","195.50","193.00","21.37K","-1.40%"
"03/31/2020","196.25","196.50","197.00","195.50","19.07K","0.00%"
"03/30/2020","196.25","195.50","197.50","195.50","26.94K","0.64%"
"03/27/2020","195.00","194.75","197.50","194.25","29.47K","0.78%"
"03/26/2020","193.50","196.50","197.75","193.50","36.02K","-2.15%"
"03/25/2020","197.75","195.25","198.00","193.50","28.83K","1.54%"
"03/24/2020","194.75","193.75","195.50","192.50","30.26K","-0.89%"
"03/23/2020","196.50","194.75","198.00","194.00","33.81K","2.75%"
"03/20/2020","191.25","193.50","194.50","189.25","27.96K","1.06%"
"03/19/2020","189.25","186.00","190.00","185.75","37.94K","2.85%"
"03/18/2020","184.00","178.25","185.00","178.00","36.73K","2.65%"
"03/17/2020","179.25","175.25","179.75","175.00","17.20K","2.28%"
"03/16/2020","175.25","176.00","176.00","174.50","25.27K","-1.27%"
"03/13/2020","177.50","179.25","180.50","177.00","31.26K","-0.14%"
"03/12/2020","177.75","175.50","178.75","174.25","53.31K","0.28%"
"03/11/2020","177.25","178.25","178.25","176.75","37.61K","4.26%"
"03/10/2020","170.00","175.00","175.00","172.50","0.17K","0.00%"
"03/09/2020","170.00","185.00","185.00","170.00","1.46K","-7.48%"
"03/06/2020","183.75","187.50","188.00","185.00","1.68K","-2.26%"
"03/05/2020","188.00","187.75","189.00","186.00","0.96K","0.40%"
"03/04/2020","187.25","186.25","190.50","186.00","1.82K","0.13%"
"03/03/2020","187.00","187.50","188.75","187.00","6.41K","0.13%"
"03/02/2020","186.75","189.00","189.50","186.50","11.56K","-0.40%"
"02/28/2020","187.50","190.75","191.00","185.25","22.00K","-2.09%"
"02/27/2020","191.50","192.50","192.50","191.50","14.28K","-0.52%"
"02/26/2020","192.50","192.25","193.25","191.75","12.81K","0.00%"
"02/25/2020","192.50","192.25","192.75","191.50","18.14K","0.13%"
"02/24/2020","192.25","193.50","194.00","192.00","19.08K","-1.41%"
"02/21/2020","195.00","195.75","196.75","194.50","30.41K","-0.51%"
"02/20/2020","196.00","195.75","196.50","195.50","13.75K","0.13%"
"02/19/2020","195.75","196.50","196.75","195.00","20.11K","-0.13%"
"02/18/2020","196.00","195.50","196.50","195.25","33.15K","1.03%"
"02/17/2020","194.00","193.50","194.50","193.25","23.76K","0.00%"
"02/14/2020","194.00","193.00","194.50","193.00","28.43K","0.65%"
"02/13/2020","192.75","192.75","193.25","192.50","17.58K","0.13%"
"02/12/2020","192.50","191.50","193.00","191.25","20.60K","0.00%"
"02/11/2020","192.50","194.75","195.00","191.75","31.22K","-1.16%"
"02/10/2020","194.75","193.00","195.25","193.00","27.24K","0.78%"
"02/07/2020","193.25","193.00","193.75","192.50","26.34K","0.13%"
"02/06/2020","193.00","193.50","194.00","192.75","22.71K","-0.39%"
"02/05/2020","193.75","191.75","194.25","191.50","35.69K","1.57%"
"02/04/2020","190.75","190.50","192.00","190.50","21.29K","0.66%"
"02/03/2020","189.50","189.50","190.50","189.25","23.72K","-0.79%"
"01/31/2020","191.00","192.50","192.50","190.50","30.48K","-0.65%"
"01/30/2020","192.25","191.75","193.25","190.75","37.07K","-0.13%"
"01/29/2020","192.50","194.25","194.50","192.00","31.23K","-1.03%"
"01/28/2020","194.50","193.75","195.00","193.25","18.42K","0.13%"
"01/27/2020","194.25","193.50","194.50","192.25","35.96K","-0.64%"
"01/24/2020","195.50","195.75","196.50","195.00","18.92K","-0.38%"
"01/23/2020","196.25","196.25","197.25","195.25","25.74K","0.26%"
"01/22/2020","195.75","199.50","199.75","195.50","45.56K","-1.26%"
"01/21/2020","198.25","195.25","198.50","195.00","34.76K","1.28%"
"01/20/2020","195.75","194.50","196.25","194.50","17.55K","0.90%"
"01/17/2020","194.00","193.25","194.25","192.75","19.39K","0.52%"
"01/16/2020","193.00","194.00","194.25","192.75","34.12K","-1.15%"
"01/15/2020","195.25","194.50","196.25","193.25","46.37K","0.51%"
"01/14/2020","194.25","192.75","195.00","192.75","35.37K","0.65%"
"01/13/2020","193.00","191.50","193.25","191.25","27.83K","0.78%"
"01/10/2020","191.50","192.25","192.25","190.50","28.68K","-0.13%"
"01/09/2020","191.75","190.25","192.00","190.25","34.04K","0.92%"
"01/08/2020","190.00","189.00","190.25","188.75","27.82K","0.80%"
"01/07/2020","188.50","188.25","188.75","188.00","20.38K","0.13%"
"01/06/2020","188.25","188.00","189.75","187.50","23.43K","-0.13%"
"01/03/2020","188.50","188.50","189.00","188.00","17.20K","-0.53%"
"01/02/2020","189.50","188.75","190.75","188.75","17.73K","0.40%"
"12/31/2019","188.75","189.25","189.50","188.50","5.16K","-0.13%"
"12/30/2019","189.00","189.25","189.75","188.50","9.33K","0.00%"
"12/27/2019","189.00","188.00","189.25","187.75","15.29K","0.93%"
"12/24/2019","187.25","186.75","187.50","186.50","3.58K","0.13%"
"12/23/2019","187.00","186.50","187.00","186.25","6.93K","0.40%"
"12/20/2019","186.25","185.75","186.50","185.50","14.96K","0.13%"
"12/19/2019","186.00","185.50","186.75","185.25","21.96K","0.40%"
"12/18/2019","185.25","185.50","186.25","185.00","28.41K","-0.40%"
"12/17/2019","186.00","186.00","186.25","185.25","26.81K","-0.27%"
"12/16/2019","186.50","184.50","187.00","184.00","36.33K","1.77%"
"12/13/2019","183.25","183.50","184.50","183.00","21.34K","0.00%"
"12/12/2019","183.25","182.00","183.50","181.75","29.89K","0.69%"
"12/11/2019","182.00","182.75","183.50","181.75","18.59K","-1.75%"
"12/10/2019","185.25","183.00","183.00","180.00","0.05K","0.00%"
"12/09/2019","185.25","185.50","186.00","185.25","2.77K","-0.27%"
"12/06/2019","185.75","184.50","186.00","184.25","2.63K","0.68%"
"12/05/2019","184.50","185.50","186.00","184.25","1.26K","-0.40%"
"12/04/2019","185.25","185.50","186.00","185.25","1.46K","-0.67%"
"12/03/2019","186.50","187.00","187.75","184.25","10.83K","0.13%"
"12/02/2019","186.25","185.25","187.25","185.25","14.51K","0.40%"
"11/29/2019","185.50","183.25","185.50","182.25","15.02K","1.23%"
"11/28/2019","183.25","181.75","183.50","181.25","7.44K","0.69%"
"11/27/2019","182.00","182.25","183.25","181.75","13.21K","0.00%"
"11/26/2019","182.00","181.25","182.00","180.50","16.81K","0.28%"
"11/25/2019","181.50","180.00","181.50","180.00","14.04K","1.11%"
"11/22/2019","179.50","179.50","180.00","179.25","18.53K","0.14%"
"11/21/2019","179.25","179.50","180.00","179.00","20.14K","-0.42%"
"11/20/2019","180.00","180.00","180.25","179.50","21.96K","-0.14%"
"11/19/2019","180.25","178.00","180.50","177.50","31.07K","1.26%"
"11/18/2019","178.00","177.25","178.25","177.00","26.07K","0.42%"
"11/15/2019","177.25","177.75","177.75","177.00","20.46K","-0.14%"
"11/14/2019","177.50","177.75","178.50","177.25","16.61K","0.00%"
"11/13/2019","177.50","178.25","178.50","177.50","14.77K","-0.42%"
"11/12/2019","178.25","177.25","178.75","177.00","17.95K","0.56%"
"11/11/2019","177.25","177.50","178.00","177.00","10.66K","-0.70%"
"11/08/2019","178.50","178.00","179.00","177.50","18.44K","0.14%"
"11/07/2019","178.25","179.00","179.25","177.25","20.90K","-0.14%"
"11/06/2019","178.50","177.75","179.25","177.50","23.08K","0.42%"
"11/05/2019","177.75","177.00","178.50","176.75","28.87K","0.57%"
"11/04/2019","176.75","178.00","178.00","176.50","21.16K","-0.70%"
"11/01/2019","178.00","178.25","178.75","177.75","13.98K","0.00%"
"10/31/2019","178.00","178.75","179.00","177.50","23.74K","-0.56%"
"10/30/2019","179.00","179.50","179.75","178.75","22.71K","-0.28%"
"10/29/2019","179.50","179.75","180.75","179.25","30.36K","0.14%"
"10/28/2019","179.25","180.25","180.25","179.00","22.10K","-0.97%"
"10/25/2019","181.00","180.00","181.00","178.75","23.30K","0.56%"
"10/24/2019","180.00","181.00","181.25","179.75","21.20K","-0.55%"
"10/23/2019","181.00","181.25","181.50","180.25","29.01K","0.00%"
"10/22/2019","181.00","181.50","182.25","181.00","36.64K","0.14%"
"10/21/2019","180.75","181.25","182.25","180.50","24.11K","-0.28%"
"10/18/2019","181.25","181.00","181.50","179.50","22.06K","0.00%"
"10/17/2019","181.25","180.50","181.75","180.25","35.81K","0.69%"
"10/16/2019","180.00","178.75","180.25","178.50","27.56K","0.98%"
"10/15/2019","178.25","180.00","180.50","177.75","30.16K","-1.11%"
"10/14/2019","180.25","180.50","181.00","179.00","29.33K","0.14%"
"10/11/2019","180.00","177.50","180.25","177.25","30.69K","1.69%"
"10/10/2019","177.00","178.75","179.00","176.75","30.69K","-0.98%"
"10/09/2019","178.75","177.75","179.00","177.25","27.79K","0.42%"
"10/08/2019","178.00","176.00","178.25","175.75","27.33K","0.85%"
"10/07/2019","176.50","176.00","176.75","175.50","17.30K","0.14%"
"10/04/2019","176.25","176.25","176.50","175.50","14.43K","0.00%"
"10/03/2019","176.25","174.75","176.50","174.50","17.06K","1.00%"
"10/02/2019","174.50","175.25","176.25","174.25","33.96K","-0.43%"
"10/01/2019","175.25","175.50","176.00","174.50","28.89K","0.29%"
"09/30/2019","174.75","174.00","175.00","173.50","24.40K","0.43%"
"09/27/2019","174.00","173.00","174.50","173.00","32.85K","0.58%"
"09/26/2019","173.00","171.25","173.25","171.25","27.91K","1.32%"
"09/25/2019","170.75","170.50","171.25","170.25","18.63K","0.29%"
"09/24/2019","170.25","171.00","171.50","170.25","24.54K","-0.87%"
"09/23/2019","171.75","171.75","172.25","171.50","12.42K","0.29%"
"09/20/2019","171.25","171.75","172.25","171.00","13.12K","-0.29%"
"09/19/2019","171.75","171.25","172.50","171.00","20.52K","0.15%"
"09/18/2019","171.50","171.50","172.00","170.50","19.20K","0.29%"
"09/17/2019","171.00","171.50","171.50","170.50","15.70K","-0.44%"
"09/16/2019","171.75","170.25","172.00","169.50","23.04K","0.88%"
"09/13/2019","170.25","169.00","171.75","169.00","24.33K","0.44%"
"09/12/2019","169.50","169.50","170.25","167.75","27.61K","0.15%"
"09/11/2019","169.25","170.00","170.25","169.00","17.92K","7.46%"
"09/10/2019","157.50","153.00","158.00","153.00","0.50K","2.94%"
"09/09/2019","153.00","158.25","158.50","151.25","1.76K","-3.47%"
"09/06/2019","158.50","158.00","159.00","158.00","1.15K","-0.31%"
"09/05/2019","159.00","158.25","159.75","158.25","0.67K","0.47%"
"09/04/2019","158.25","161.50","161.75","157.75","3.10K","-1.71%"
"09/03/2019","161.00","163.50","164.50","160.50","6.67K","-1.68%"
"09/02/2019","163.75","165.00","165.00","163.25","7.40K","-0.30%"
"08/30/2019","164.25","165.00","165.25","163.75","7.94K","-0.90%"
"08/29/2019","165.75","166.25","166.25","165.50","8.20K","-0.15%"
"08/28/2019","166.00","167.00","167.00","165.50","7.99K","-0.60%"
"08/27/2019","167.00","166.25","167.50","165.50","9.82K","0.45%"
"08/26/2019","166.25","165.00","167.00","165.00","11.87K","0.45%"
"08/23/2019","165.50","165.50","166.25","165.25","9.75K","-0.15%"
"08/22/2019","165.75","165.00","165.75","164.50","10.01K","0.45%"
"08/21/2019","165.00","165.50","165.75","164.25","10.47K","-0.30%"
"08/20/2019","165.50","165.75","166.75","165.00","9.80K","-0.15%"
"08/19/2019","165.75","166.75","167.50","165.75","7.18K","-1.34%"
"08/16/2019","168.00","168.00","168.50","167.75","11.48K","0.00%"
"08/15/2019","168.00","166.75","168.25","166.50","10.50K","0.75%"
"08/14/2019","166.75","167.00","168.00","166.25","20.62K","0.30%"
"08/13/2019","166.25","167.25","167.75","166.00","22.89K","-0.60%"
"08/12/2019","167.25","170.00","171.00","166.75","22.53K","-1.91%"
"08/09/2019","170.50","169.75","171.50","169.75","15.83K","0.29%"
"08/08/2019","170.00","170.00","170.75","168.25","18.20K","0.00%"
"08/07/2019","170.00","171.25","171.25","169.50","19.32K","-0.44%"
"08/06/2019","170.75","172.75","173.00","170.50","14.49K","-1.16%"
"08/05/2019","172.75","172.50","173.25","172.00","15.04K","-0.29%"
"08/02/2019","173.25","173.25","173.75","173.00","17.72K","0.14%"
"08/01/2019","173.00","175.25","175.25","173.00","18.69K","-1.00%"
"07/31/2019","174.75","176.50","176.75","174.50","22.58K","-1.27%"
"07/30/2019","177.00","175.50","177.00","175.25","26.66K","0.71%"
"07/29/2019","175.75","175.75","176.75","175.00","15.84K","0.29%"
"07/26/2019","175.25","175.25","175.75","174.75","12.51K","-0.28%"
"07/25/2019","175.75","175.00","176.00","174.50","16.22K","0.29%"
"07/24/2019","175.25","174.50","176.25","174.50","16.36K","0.43%"
"07/23/2019","174.50","174.75","175.00","173.25","21.15K","-0.14%"
"07/22/2019","174.75","175.50","175.75","174.50","14.08K","-1.27%"
"07/19/2019","177.00","175.00","177.25","174.50","14.36K","1.29%"
"07/18/2019","174.75","176.50","176.50","174.50","21.28K","-1.13%"
"07/17/2019","176.75","175.75","177.75","174.75","14.60K","0.71%"
"07/16/2019","175.50","176.00","176.50","175.00","14.59K","-0.71%"
"07/15/2019","176.75","179.25","179.25","176.25","13.90K","-0.84%"
"07/12/2019","178.25","177.50","179.25","177.00","19.52K","0.85%"
"07/11/2019","176.75","173.75","177.50","173.50","22.10K","1.87%"
"07/10/2019","173.50","172.75","174.00","172.25","17.45K","0.29%"
"07/09/2019","173.00","175.50","175.50","173.00","30.06K","-2.12%"
"07/08/2019","176.75","179.00","179.25","176.50","10.90K","-0.84%"
"07/05/2019","178.25","179.50","179.50","177.25","11.04K","-0.70%"
"07/04/2019","179.50","178.75","179.75","178.50","7.92K","0.56%"
"07/03/2019","178.50","176.75","179.00","176.50","16.63K","0.85%"
"07/02/2019","177.00","177.75","179.00","176.50","14.87K","-0.70%"
"07/01/2019","178.25","180.00","180.75","177.75","18.04K","-1.11%"
"06/28/2019","180.25","182.25","183.75","179.75","20.36K","-1.10%"
"06/27/2019","182.25","184.25","184.75","181.50","16.79K","-0.27%"
"06/26/2019","182.75","182.75","184.00","181.25","13.71K","-0.41%"
"06/25/2019","183.50","184.25","185.25","182.00","17.71K","-0.14%"
"06/24/2019","183.75","180.50","184.00","180.00","14.33K","1.66%"
"06/21/2019","180.75","181.00","181.25","179.00","10.46K","0.42%"
"06/20/2019","180.00","178.50","180.25","177.50","15.90K","0.56%"
"06/19/2019","179.00","180.50","180.75","178.50","15.99K","-1.10%"
"06/18/2019","181.00","181.75","182.25","180.50","20.04K","-0.96%"
"06/17/2019","182.75","182.25","183.75","181.50","17.51K","1.11%"
"06/14/2019","180.75","178.75","181.25","178.50","13.74K","1.12%"
"06/13/2019","178.75","178.25","180.50","177.00","19.09K","0.85%"
"06/12/2019","177.25","177.25","178.75","176.50","18.00K","-0.28%"
"06/11/2019","177.75","177.00","178.50","175.75","23.35K","0.28%"
"06/10/2019","177.25","178.25","178.25","176.75","9.43K","-0.98%"
"06/07/2019","179.00","178.75","180.00","178.50","12.32K","-0.28%"
"06/06/2019","179.50","178.50","180.00","177.75","24.27K","0.28%"
"06/05/2019","179.00","179.75","180.25","178.50","25.05K","-1.92%"
"06/04/2019","182.50","184.00","185.00","182.25","21.49K","-1.48%"
"06/03/2019","185.25","185.00","187.75","183.00","28.33K","0.00%"
"05/31/2019","185.25","185.50","186.00","183.25","23.41K","0.00%"
"05/30/2019","185.25","181.50","185.75","179.50","28.55K","0.54%"
"05/29/2019","184.25","187.25","190.00","181.50","53.85K","-0.27%"
"05/28/2019","184.75","184.75","185.25","183.00","42.02K","1.51%"
"05/27/2019","182.00","179.50","182.50","179.25","26.10K","2.25%"
"05/24/2019","178.00","175.00","178.25","174.75","13.54K","1.42%"
"05/23/2019","175.50","175.25","177.25","174.75","14.00K","0.29%"
"05/22/2019","175.00","175.00","175.25","173.00","15.14K","-0.71%"
"05/21/2019","176.25","176.75","178.25","175.25","21.47K","0.14%"
"05/20/2019","176.00","174.75","176.50","174.75","15.10K","1.29%"
"05/17/2019","173.75","174.25","175.25","173.25","17.63K","0.00%"
"05/16/2019","173.75","172.25","174.00","172.00","16.36K","1.02%"
"05/15/2019","172.00","171.50","172.50","171.00","22.11K","0.88%"
"05/14/2019","170.50","170.00","171.75","169.50","22.52K","1.04%"
"05/13/2019","168.75","168.75","169.00","167.00","20.20K","-7.79%"
"05/10/2019","183.00","186.00","186.00","182.75","0.10K","-1.21%"
"05/09/2019","185.25","184.25","188.00","184.00","2.43K","0.27%"
"05/08/2019","184.75","184.75","185.00","184.00","1.54K","-0.14%"
"05/07/2019","185.00","183.25","185.25","182.50","3.08K","0.54%"
"05/06/2019","184.00","183.00","184.50","182.75","2.56K","-0.81%"
"05/03/2019","185.50","186.25","188.25","184.00","11.38K","-0.40%"
"05/02/2019","186.25","184.00","187.25","184.00","16.41K","1.64%"
"04/30/2019","183.25","183.25","184.00","183.00","13.08K","-0.41%"
"04/29/2019","184.00","183.75","184.25","183.00","14.05K","0.27%"
"04/26/2019","183.50","182.00","183.75","181.75","12.65K","0.82%"
"04/25/2019","182.00","181.50","182.50","181.25","8.84K","0.28%"
"04/24/2019","181.50","182.00","183.00","181.25","19.95K","-0.55%"
"04/23/2019","182.50","183.00","183.00","181.50","23.02K","-0.54%"
"04/18/2019","183.50","184.75","185.00","183.25","19.17K","-0.81%"
"04/17/2019","185.00","186.00","186.75","184.25","25.67K","-0.67%"
"04/16/2019","186.25","189.00","189.25","186.00","33.33K","-1.46%"
"04/15/2019","189.00","189.25","189.50","188.75","14.20K","-0.13%"
"04/12/2019","189.25","189.25","189.75","188.75","14.42K","0.00%"
"04/11/2019","189.25","189.00","189.50","188.50","14.22K","0.40%"
"04/10/2019","188.50","189.00","189.25","188.25","21.00K","-0.40%"
"04/09/2019","189.25","189.25","190.00","188.75","19.93K","-0.13%"
"04/08/2019","189.50","188.75","190.00","188.50","12.51K","0.13%"
"04/05/2019","189.25","188.75","189.50","188.50","12.70K","-0.13%"
"04/04/2019","189.50","189.00","190.25","189.00","21.03K","0.53%"
"04/03/2019","188.50","188.00","189.00","187.75","13.88K","0.67%"
"04/02/2019","187.25","187.00","187.75","186.50","13.02K","0.13%"
"04/01/2019","187.00","185.50","187.50","184.75","14.02K","0.67%"
"03/29/2019","185.75","185.75","186.25","185.25","14.47K","-0.13%"
"03/28/2019","186.00","185.50","186.50","185.00","15.34K","-0.27%"
"03/27/2019","186.50","188.25","188.50","186.00","22.22K","-0.80%"
"03/26/2019","188.00","190.00","191.00","187.50","23.04K","-0.79%"
"03/25/2019","189.50","189.25","189.75","188.25","13.99K","0.00%"
"03/22/2019","189.50","189.25","190.75","189.00","15.06K","0.26%"
"03/21/2019","189.00","189.25","189.75","187.50","12.26K","0.00%"
"03/20/2019","189.00","189.50","189.75","188.25","10.63K","-0.13%"
"03/19/2019","189.25","189.00","190.00","188.50","14.96K","0.26%"
"03/18/2019","188.75","188.75","189.75","188.25","14.69K","-0.26%"
"03/15/2019","189.25","186.50","189.50","186.25","23.57K","0.80%"
"03/14/2019","187.75","187.00","188.50","186.25","23.99K","1.21%"
"03/13/2019","185.50","183.75","186.50","183.25","29.20K","0.68%"
"03/12/2019","184.25","181.25","185.00","181.00","21.05K","0.14%"
"03/11/2019","184.00","184.00","185.00","183.75","0.26K","-0.67%"
"03/08/2019","185.25","187.75","188.75","185.25","1.07K","-1.20%"
"03/07/2019","187.50","191.00","191.50","187.00","2.23K","-1.96%"
"03/06/2019","191.25","190.00","192.00","189.25","0.81K","0.66%"
"03/05/2019","190.00","192.00","192.00","189.50","1.87K","-1.17%"
"03/04/2019","192.25","192.25","193.00","191.75","4.71K","0.65%"
"03/01/2019","191.00","193.50","193.50","190.50","7.38K","-1.16%"
"02/28/2019","193.25","194.00","195.00","193.00","7.47K","-0.39%"
"02/27/2019","194.00","193.00","195.00","191.25","13.26K","1.17%"
"02/26/2019","191.75","193.50","194.25","191.25","14.27K","-1.03%"
"02/25/2019","193.75","195.50","196.00","193.25","14.22K","-1.15%"
"02/22/2019","196.00","194.75","197.50","194.75","15.88K","0.51%"
"02/21/2019","195.00","193.00","196.00","192.75","27.56K","1.17%"
"02/20/2019","192.75","194.00","194.75","190.00","28.58K","-0.77%"
"02/19/2019","194.25","194.75","195.75","194.00","13.34K","-0.64%"
"02/18/2019","195.50","195.00","195.50","192.75","21.29K","0.13%"
"02/15/2019","195.25","198.75","199.00","194.75","39.76K","-1.51%"
"02/14/2019","198.25","201.25","201.50","198.00","26.88K","-1.49%"
"02/13/2019","201.25","201.50","202.25","201.00","21.11K","-0.12%"
"02/12/2019","201.50","202.00","202.50","200.50","22.11K","-0.12%"
"02/11/2019","201.75","203.00","203.25","201.50","19.92K","-0.62%"
"02/08/2019","203.00","202.50","203.75","202.00","27.77K","0.50%"
"02/07/2019","202.00","203.25","203.50","201.75","25.66K","-0.74%"
"02/06/2019","203.50","204.50","204.75","203.25","19.45K","-0.37%"
"02/05/2019","204.25","204.50","204.75","203.50","17.11K","-0.12%"
"02/04/2019","204.50","204.00","205.00","204.00","19.09K","0.25%"
"02/01/2019","204.00","204.50","204.75","203.50","16.21K","-0.12%"
"01/31/2019","204.25","205.75","206.00","204.00","20.56K","-0.73%"
"01/30/2019","205.75","205.75","206.50","205.25","10.43K","0.00%"
"01/29/2019","205.75","205.25","206.50","204.75","21.00K","0.37%"
"01/28/2019","205.00","206.00","206.25","204.75","13.66K","-0.36%"
"01/25/2019","205.75","206.75","206.75","205.00","16.49K","-0.36%"
"01/24/2019","206.50","206.50","207.00","205.75","21.42K","0.36%"
"01/23/2019","205.75","206.00","206.75","205.75","17.52K","0.00%"
"01/22/2019","205.75","205.00","206.25","205.00","27.82K","0.37%"
"01/21/2019","205.00","204.00","205.25","204.00","13.79K","0.49%"
"01/18/2019","204.00","204.25","204.75","203.75","12.42K","0.00%"
"01/17/2019","204.00","203.00","204.50","202.75","14.60K","0.49%"
"01/16/2019","203.00","203.50","203.75","202.75","18.85K","0.00%"
"01/15/2019","203.00","204.00","204.25","202.75","19.46K","-0.37%"
"01/14/2019","203.75","204.25","204.50","203.50","11.20K","-0.49%"
"01/11/2019","204.75","204.00","205.50","203.75","13.18K","0.61%"
"01/10/2019","203.50","204.75","205.00","203.50","15.37K","-0.85%"
"01/09/2019","205.25","206.50","207.00","205.00","10.08K","-0.36%"
"01/08/2019","206.00","205.50","206.75","205.50","13.54K","0.37%"
"01/07/2019","205.25","206.75","207.00","205.00","14.81K","-0.85%"
"01/04/2019","207.00","206.25","207.25","205.75","15.51K","0.49%"
"01/03/2019","206.00","203.75","206.25","203.50","13.35K","0.98%"
"01/02/2019","204.00","203.25","204.25","202.75","5.71K","0.37%"
"12/31/2018","203.25","203.25","203.50","203.00","1.39K","-0.12%"
"12/28/2018","203.50","203.50","204.25","203.00","6.07K","0.12%"
"12/27/2018","203.25","204.75","205.00","203.00","6.83K","-0.85%"
"12/24/2018","205.00","204.25","205.25","204.25","1.45K","0.24%"
"12/21/2018","204.50","206.00","206.75","204.25","22.24K","-0.73%"
"12/20/2018","206.00","206.25","206.75","205.00","21.60K","0.37%"
"12/19/2018","205.25","206.50","206.75","205.25","17.07K","-0.97%"
"12/18/2018","207.25","207.50","207.50","206.75","13.73K","-0.12%"
"12/17/2018","207.50","207.25","208.25","207.00","17.25K","0.36%"
"12/14/2018","206.75","207.50","208.50","206.25","26.02K","-0.36%"
"12/13/2018","207.50","207.00","208.00","206.50","34.12K","0.61%"
"12/12/2018","206.25","204.75","206.75","204.75","34.11K","0.86%"
"12/11/2018","204.50","204.00","205.00","203.75","24.34K","0.25%"
"12/10/2018","204.00","204.00","204.00","204.00","0.25K","0.74%"
"12/07/2018","202.50","199.50","202.50","199.50","1.11K","1.25%"
"12/06/2018","200.00","198.75","200.50","198.50","1.35K","0.50%"
"12/05/2018","199.00","200.00","200.50","198.75","2.95K","-0.75%"
"12/04/2018","200.50","201.50","202.25","200.25","2.94K","-0.87%"
"12/03/2018","202.25","202.00","203.00","201.25","17.84K","0.50%"
"11/30/2018","201.25","199.50","201.50","199.00","20.05K","1.13%"
"11/29/2018","199.00","199.50","199.75","198.50","18.20K","-0.38%"
"11/28/2018","199.75","199.00","199.75","198.50","13.60K","0.50%"
"11/27/2018","198.75","199.50","199.75","198.25","10.95K","-0.38%"
"11/26/2018","199.50","200.75","200.75","199.00","16.26K","0.13%"
"11/23/2018","199.25","201.00","201.50","199.00","12.12K","-0.75%"
"11/22/2018","200.75","199.25","201.00","199.25","15.82K","0.75%"
"11/21/2018","199.25","199.00","199.25","198.25","21.42K","0.25%"
"11/20/2018","198.75","197.25","199.00","196.75","26.05K","1.02%"
"11/19/2018","196.75","199.50","199.50","196.25","29.42K","-1.50%"
"11/16/2018","199.75","200.25","200.50","199.25","32.64K","-0.50%"
"11/15/2018","200.75","201.25","201.50","199.75","34.23K","-0.12%"
"11/14/2018","201.00","201.25","201.75","200.75","21.30K","-0.37%"
"11/13/2018","201.75","201.75","202.25","201.00","19.54K","-0.12%"
"11/12/2018","202.00","200.25","202.50","200.25","25.91K","1.25%"
"11/09/2018","199.50","199.50","200.25","199.50","23.63K","-0.25%"
"11/08/2018","200.00","201.25","202.00","199.25","23.20K","-0.62%"
"11/07/2018","201.25","201.25","201.75","200.50","20.38K","0.00%"
"11/06/2018","201.25","200.50","201.50","200.25","12.99K","0.50%"
"11/05/2018","200.25","201.00","201.25","199.75","13.91K","-0.25%"
"11/02/2018","200.75","201.00","201.50","200.00","16.44K","0.00%"
"11/01/2018","200.75","198.50","201.25","198.50","27.44K","1.13%"
"10/31/2018","198.50","198.75","199.00","197.75","21.00K","-0.13%"
"10/30/2018","198.75","200.25","200.75","198.50","24.43K","-0.87%"
"10/29/2018","200.50","203.25","203.75","200.00","25.66K","-0.99%"
"10/26/2018","202.50","200.25","203.00","199.25","15.74K","1.63%"
"10/25/2018","199.25","200.25","200.25","199.00","16.96K","-0.62%"
"10/24/2018","200.50","200.50","201.25","200.00","16.18K","-0.25%"
"10/23/2018","201.00","200.25","202.00","200.00","15.54K","0.37%"
"10/22/2018","200.25","201.00","201.75","200.25","14.05K","-0.50%"
"10/19/2018","201.25","201.25","202.25","201.00","13.79K","0.00%"
"10/18/2018","201.25","202.00","202.50","200.75","19.48K","-0.37%"
"10/17/2018","202.00","203.25","203.75","201.75","11.33K","-0.62%"
"10/16/2018","203.25","205.00","205.50","203.00","18.29K","-0.61%"
"10/15/2018","204.50","204.50","205.00","203.50","20.15K","-0.12%"
"10/12/2018","204.75","203.50","205.00","203.00","15.63K","0.61%"
"10/11/2018","203.50","202.50","205.00","202.00","18.14K","0.37%"
"10/10/2018","202.75","203.50","203.75","202.25","8.84K","-0.37%"
"10/09/2018","203.50","202.75","204.00","202.25","13.21K","0.25%"
"10/08/2018","203.00","203.25","203.50","202.25","8.47K","-0.25%"
"10/05/2018","203.50","203.25","203.75","202.75","15.91K","0.37%"
"10/04/2018","202.75","201.75","203.00","201.25","15.53K","0.75%"
"10/03/2018","201.25","202.75","203.25","200.50","28.37K","0.63%"
"10/02/2018","200.00","202.00","202.25","199.75","17.70K","-0.62%"
"10/01/2018","201.25","199.75","201.50","199.50","15.51K","-0.12%"
"09/28/2018","201.50","200.75","202.25","199.25","16.52K","0.37%"
"09/27/2018","200.75","200.50","202.50","200.00","24.86K","-0.25%"
"09/26/2018","201.25","201.75","202.75","200.50","16.18K","0.12%"
"09/25/2018","201.00","202.25","203.75","200.75","25.10K","-0.99%"
"09/24/2018","203.00","201.75","203.50","201.50","22.15K","0.62%"
"09/21/2018","201.75","202.25","203.25","201.25","12.24K","-0.37%"
"09/20/2018","202.50","201.75","202.75","201.00","25.25K","0.00%"
"09/19/2018","202.50","200.75","203.00","200.25","19.83K","1.63%"
"09/18/2018","199.25","197.75","200.50","197.75","23.07K","0.63%"
"09/17/2018","198.00","199.00","200.50","197.75","21.02K","0.13%"
"09/14/2018","197.75","196.50","199.25","195.50","24.01K","0.51%"
"09/13/2018","196.75","198.25","198.50","195.75","34.34K","-1.38%"
"09/12/2018","199.50","202.00","204.50","198.75","40.28K","-0.87%"
"09/11/2018","201.25","202.75","203.50","199.50","20.18K","3.21%"
"09/10/2018","195.00","185.00","195.50","184.25","0.62K","5.41%"
"09/07/2018","185.00","201.00","201.00","183.00","1.03K","-8.75%"
"09/06/2018","202.75","199.00","203.00","198.50","0.91K","1.76%"
"09/05/2018","199.25","200.50","202.00","199.25","0.82K","-0.38%"
"09/04/2018","200.00","202.00","202.75","199.25","2.53K","-1.96%"
"09/03/2018","204.00","205.75","206.50","203.25","3.63K","-0.37%"
"08/31/2018","204.75","201.75","205.00","201.50","7.63K","2.25%"
"08/30/2018","200.25","206.25","208.25","199.75","8.99K","-1.23%"
"08/29/2018","202.75","197.50","204.25","197.50","10.86K","2.66%"
"08/28/2018","197.50","196.75","199.25","196.75","9.79K","0.25%"
"08/27/2018","197.00","200.25","200.25","196.75","10.00K","-1.87%"
"08/24/2018","200.75","202.75","203.75","200.50","5.97K","-1.59%"
"08/23/2018","204.00","205.00","205.25","201.50","8.25K","-0.49%"
"08/22/2018","205.00","203.00","205.25","200.50","12.52K","0.24%"
"08/21/2018","204.50","208.25","208.25","204.25","15.74K","-2.15%"
"08/20/2018","209.00","211.25","211.50","208.00","9.76K","-1.18%"
"08/17/2018","211.50","207.75","214.00","207.00","17.00K","1.68%"
"08/16/2018","208.00","206.00","209.25","205.50","17.95K","1.59%"
"08/15/2018","204.75","204.50","205.25","202.75","12.83K","-0.36%"
"08/14/2018","205.50","205.50","207.25","203.25","14.39K","0.37%"
"08/13/2018","204.75","208.00","208.75","204.50","18.05K","-2.85%"
"08/10/2018","210.75","210.50","214.50","208.25","14.03K","-0.12%"
"08/09/2018","211.00","214.00","214.00","210.50","17.52K","-1.63%"
"08/08/2018","214.50","217.75","218.50","214.00","14.52K","-0.81%"
"08/07/2018","216.25","217.00","219.50","214.50","20.04K","0.70%"
"08/06/2018","214.75","212.00","215.25","210.25","10.19K","1.78%"
"08/03/2018","211.00","214.00","214.25","210.00","15.70K","-0.82%"
"08/02/2018","212.75","208.50","219.50","208.50","26.30K","2.65%"
"08/01/2018","207.25","202.75","207.50","202.75","14.61K","2.47%"
"07/31/2018","202.25","201.50","205.75","201.50","19.28K","-0.12%"
"07/30/2018","202.50","200.75","203.25","200.00","16.29K","2.14%"
"07/27/2018","198.25","199.75","200.75","197.25","16.80K","-0.25%"
"07/26/2018","198.75","203.50","204.75","198.50","33.14K","-0.87%"
"07/25/2018","200.50","198.00","201.00","197.00","26.93K","2.56%"
"07/24/2018","195.50","192.25","196.25","190.75","24.26K","1.30%"
"07/23/2018","193.00","191.50","193.25","191.50","14.61K","0.92%"
"07/20/2018","191.25","188.50","191.75","188.50","20.69K","1.73%"
"07/19/2018","188.00","185.50","188.25","185.00","15.87K","1.08%"
"07/18/2018","186.00","187.50","187.75","185.75","11.93K","-0.53%"
"07/17/2018","187.00","184.50","187.25","184.25","16.90K","1.63%"
"07/16/2018","184.00","183.50","184.00","182.00","17.52K","0.27%"
"07/13/2018","183.50","183.25","184.50","181.50","20.83K","1.10%"
"07/12/2018","181.50","179.50","183.00","179.00","20.85K","1.54%"
"07/11/2018","178.75","179.75","181.00","178.50","21.82K","-1.11%"
"07/10/2018","180.75","183.25","183.25","180.50","15.91K","-1.90%"
"07/09/2018","184.25","184.75","185.75","183.75","12.15K","-0.54%"
"07/06/2018","185.25","186.00","186.50","184.50","17.04K","-0.80%"
"07/05/2018","186.75","184.50","187.00","184.50","25.46K","1.77%"
"07/04/2018","183.50","182.50","184.00","182.50","7.35K","0.55%"
"07/03/2018","182.50","181.50","183.00","180.00","14.81K","1.25%"
"07/02/2018","180.25","179.00","182.75","179.00","22.13K","0.98%"
"06/29/2018","178.50","174.75","179.50","174.00","24.75K","2.59%"
"06/28/2018","174.00","174.25","175.75","173.75","11.54K","-0.43%"
"06/27/2018","174.75","173.50","175.25","173.25","10.38K","1.01%"
"06/26/2018","173.00","174.25","174.75","173.00","8.87K","-0.57%"
"06/25/2018","174.00","174.50","174.75","173.25","8.03K","-1.28%"
"06/22/2018","176.25","175.75","177.00","175.75","9.02K","0.00%"
"06/21/2018","176.25","174.00","177.25","174.00","15.27K","1.44%"
"06/20/2018","173.75","173.00","175.25","172.75","16.97K","1.16%"
"06/19/2018","171.75","173.00","173.25","170.50","37.10K","-1.58%"
"06/18/2018","174.50","177.00","177.50","174.25","24.05K","-1.69%"
"06/15/2018","177.50","179.25","180.00","177.00","28.17K","-1.53%"
"06/14/2018","180.25","179.00","181.50","178.25","27.06K","0.00%"
"06/13/2018","180.25","183.25","183.50","180.00","23.42K","-1.77%"
"06/12/2018","183.50","181.25","183.75","180.25","20.66K","1.38%"
"06/11/2018","181.00","182.25","183.25","180.75","9.24K","-0.69%"
"06/08/2018","182.25","181.00","184.00","180.50","15.18K","-0.14%"
"06/07/2018","182.50","184.50","185.25","182.25","13.79K","-0.27%"
"06/06/2018","183.00","182.25","185.00","182.00","15.45K","0.27%"
"06/05/2018","182.50","180.25","183.00","180.25","13.97K","1.81%"
"06/04/2018","179.25","180.25","181.00","179.00","15.75K","-1.24%"
"06/01/2018","181.50","182.00","183.25","181.25","12.62K","-0.68%"
"05/31/2018","182.75","179.50","184.00","179.50","18.94K","1.39%"
"05/30/2018","180.25","183.25","183.25","180.00","21.24K","-2.96%"
"05/29/2018","185.75","186.25","187.25","184.25","22.21K","1.09%"
"05/28/2018","183.75","182.50","184.00","181.75","7.07K","0.68%"
"05/25/2018","182.50","181.00","183.00","180.50","16.46K","1.11%"
"05/24/2018","180.50","180.25","182.75","180.00","32.63K","0.70%"
"05/23/2018","179.25","178.50","179.75","177.75","18.85K","0.14%"
"05/22/2018","179.00","176.75","179.75","176.50","34.59K","1.56%"
"05/21/2018","176.25","177.50","178.00","175.50","12.12K","-0.28%"
"05/18/2018","176.75","175.25","177.00","174.50","19.94K","1.43%"
"05/17/2018","174.25","172.75","174.50","172.50","16.39K","1.60%"
"05/16/2018","171.50","171.25","172.00","170.75","10.01K","0.73%"
"05/15/2018","170.25","171.00","171.25","170.00","11.45K","-0.15%"
"05/14/2018","170.50","171.25","171.25","170.00","12.08K","-0.73%"
"05/11/2018","171.75","172.50","172.50","171.50","11.38K","-7.16%"
"05/10/2018","185.00","185.00","185.00","185.00","0.01K","8.50%"
"05/09/2018","170.50","168.75","171.00","168.00","1.61K","1.49%"
"05/08/2018","168.00","169.00","169.00","167.75","1.32K","-0.30%"
"05/07/2018","168.50","168.75","169.00","167.50","2.04K","-0.59%"
"05/04/2018","169.50","172.00","172.25","168.75","5.45K","-1.31%"
"05/03/2018","171.75","170.50","172.25","169.50","18.68K","0.44%"
"05/02/2018","171.00","169.50","171.25","169.50","14.51K","1.63%"
"04/30/2018","168.25","167.25","168.75","167.25","20.56K","1.20%"
"04/27/2018","166.25","166.25","167.25","166.00","22.32K","0.15%"
"04/26/2018","166.00","165.00","166.25","164.75","25.78K","0.45%"
"04/25/2018","165.25","164.25","165.50","164.00","25.85K","1.07%"
"04/24/2018","163.50","163.00","163.75","162.50","23.77K","0.31%"
"04/23/2018","163.00","163.25","163.50","162.75","28.14K","0.00%"
"04/20/2018","163.00","163.75","164.00","163.00","16.71K","-0.61%"
"04/19/2018","164.00","165.00","165.25","163.75","13.12K","-0.30%"
"04/18/2018","164.50","165.25","165.75","164.25","14.60K","0.00%"
"04/17/2018","164.50","164.00","165.00","164.00","22.88K","0.46%"
"04/16/2018","163.75","164.50","164.50","163.25","29.47K","-0.61%"
"04/13/2018","164.75","165.25","165.50","164.50","18.00K","-0.45%"
"04/12/2018","165.50","165.50","166.00","165.25","21.41K","-0.60%"
"04/11/2018","166.50","167.50","167.75","166.00","23.68K","-0.60%"
"04/10/2018","167.50","167.50","168.25","167.00","21.79K","-0.30%"
"04/09/2018","168.00","167.75","168.50","167.25","24.44K","0.60%"
"04/06/2018","167.00","166.25","167.50","166.00","20.69K","0.15%"
"04/05/2018","166.75","166.50","167.50","166.50","26.36K","0.30%"
"04/04/2018","166.25","164.50","166.75","163.50","29.07K","0.00%"
"04/03/2018","166.25","163.75","166.75","163.50","31.10K","1.53%"
"03/29/2018","163.75","162.75","164.00","162.50","16.23K","0.46%"
"03/28/2018","163.00","163.00","163.50","162.75","10.38K","-0.31%"
"03/27/2018","163.50","163.00","163.75","163.00","13.34K","0.00%"
"03/26/2018","163.50","163.00","163.75","162.50","17.14K","0.31%"
"03/23/2018","163.00","162.75","163.50","162.50","16.22K","-0.31%"
"03/22/2018","163.50","163.00","164.00","162.75","18.84K","0.46%"
"03/21/2018","162.75","162.75","163.25","162.00","11.93K","0.15%"
"03/20/2018","162.50","162.50","162.75","162.00","25.18K","0.15%"
"03/19/2018","162.25","163.50","163.75","162.25","33.12K","-1.52%"
"03/16/2018","164.75","165.50","165.50","164.25","16.68K","-0.45%"
"03/15/2018","165.50","165.50","166.00","164.00","23.23K","0.30%"
"03/14/2018","165.00","163.50","165.00","163.50","11.02K","0.61%"
"03/13/2018","164.00","163.50","165.50","163.50","18.65K","4.46%"
"03/12/2018","157.00","158.50","158.50","157.00","0.06K","-1.88%"
"03/09/2018","160.00","162.50","164.00","158.75","0.91K","-1.84%"
"03/08/2018","163.00","161.25","163.00","161.00","1.71K","1.24%"
"03/07/2018","161.00","162.00","162.50","160.75","2.22K","-1.23%"
"03/06/2018","163.00","164.00","164.00","162.25","2.69K","-0.76%"
"03/05/2018","164.25","162.50","165.25","162.50","12.53K","0.46%"
"03/02/2018","163.50","167.00","167.00","163.00","10.21K","-2.24%"
"03/01/2018","167.25","166.50","167.50","165.00","10.12K","0.30%"
"02/28/2018","166.75","165.00","167.00","164.75","14.32K","1.52%"
"02/27/2018","164.25","164.25","164.50","164.00","9.42K","0.15%"
"02/26/2018","164.00","163.25","164.50","163.25","13.42K","0.46%"
"02/23/2018","163.25","162.00","163.50","162.00","16.22K","0.93%"
"02/22/2018","161.75","161.00","162.00","161.00","22.19K","0.31%"
"02/21/2018","161.25","160.00","161.50","159.50","18.86K","0.47%"
"02/20/2018","160.50","160.75","161.75","160.25","20.82K","-0.16%"
"02/19/2018","160.75","159.75","161.00","159.75","19.14K","0.78%"
"02/16/2018","159.50","160.00","160.25","159.25","15.84K","-0.47%"
"02/15/2018","160.25","159.25","160.75","158.50","22.20K","0.47%"
"02/14/2018","159.50","159.75","160.75","159.25","15.78K","-0.78%"
"02/13/2018","160.75","160.50","161.00","160.25","15.61K","0.31%"
"02/12/2018","160.25","160.00","160.50","159.75","19.77K","0.79%"
"02/09/2018","159.00","159.00","159.50","158.50","16.57K","-0.47%"
"02/08/2018","159.75","160.25","160.50","159.50","29.09K","-0.31%"
"02/07/2018","160.25","159.00","160.75","159.00","30.99K","1.10%"
"02/06/2018","158.50","157.75","158.75","157.00","14.68K","1.12%"
"02/05/2018","156.75","156.25","157.25","156.00","9.68K","-0.32%"
"02/02/2018","157.25","156.25","157.50","156.00","15.16K","0.64%"
"02/01/2018","156.25","157.50","157.75","156.00","20.48K","-1.26%"
"01/31/2018","158.25","160.00","160.25","158.00","27.71K","-1.56%"
"01/30/2018","160.75","159.75","161.00","159.50","25.90K","1.26%"
"01/29/2018","158.75","158.50","160.00","158.50","25.09K","0.95%"
"01/26/2018","157.25","156.50","157.50","156.50","16.50K","0.48%"
"01/25/2018","156.50","156.25","156.75","155.50","15.44K","0.00%"
"01/24/2018","156.50","155.25","156.50","155.25","14.30K","0.64%"
"01/23/2018","155.50","155.25","156.25","155.00","15.52K","-0.16%"
"01/22/2018","155.75","155.75","156.00","155.25","10.23K","0.32%"
"01/19/2018","155.25","155.75","155.75","154.75","8.42K","-0.32%"
"01/18/2018","155.75","156.00","156.25","155.50","19.61K","-0.16%"
"01/17/2018","156.00","154.50","156.00","154.00","34.54K","0.97%"
"01/16/2018","154.50","155.75","155.75","154.50","24.71K","-0.96%"
"01/15/2018","156.00","156.50","156.50","155.75","17.05K","-0.79%"
"01/12/2018","157.25","159.00","159.25","157.00","26.54K","-1.10%"
"01/11/2018","159.00","160.75","161.50","158.75","21.19K","-1.24%"
"01/10/2018","161.00","161.25","161.75","160.75","13.97K","-0.31%"
"01/09/2018","161.50","160.75","161.50","160.75","12.15K","0.31%"
"01/08/2018","161.00","160.00","161.50","159.75","13.99K","0.00%"
"01/05/2018","161.00","160.25","161.00","160.00","9.75K","0.31%"
"01/04/2018","160.50","159.75","160.75","159.75","18.28K","0.31%"
"01/03/2018","160.00","158.50","160.50","158.50","14.41K","0.95%"
"01/02/2018","158.50","158.75","159.25","158.25","9.82K","-0.31%"
"12/29/2017","159.00","159.25","159.50","158.75","7.16K","-0.16%"
"12/28/2017","159.25","159.50","159.50","159.00","5.29K","-0.16%"
"12/27/2017","159.50","160.25","160.25","159.25","9.63K","-0.62%"
"12/22/2017","160.50","160.25","161.25","160.25","8.54K","0.16%"
"12/21/2017","160.25","160.75","160.75","160.00","14.59K","-0.31%"
"12/20/2017","160.75","161.00","161.25","160.50","12.58K","-0.46%"
"12/19/2017","161.50","161.25","161.75","161.00","12.42K","0.16%"
"12/18/2017","161.25","160.75","161.50","160.25","17.42K","0.47%"
"12/15/2017","160.50","160.00","160.50","160.00","7.07K","0.31%"
"12/14/2017","160.00","160.75","160.75","159.75","10.11K","-0.31%"
"12/13/2017","160.50","161.00","161.00","160.25","17.08K","-0.31%"
"12/12/2017","161.00","161.00","161.50","160.25","15.89K","2.38%"
"12/11/2017","157.25","155.00","157.25","155.00","0.40K","0.80%"
"12/08/2017","156.00","156.00","158.25","155.50","2.81K","-0.16%"
"12/07/2017","156.25","157.00","157.25","156.00","1.89K","-0.64%"
"12/06/2017","157.25","160.00","160.00","157.00","2.41K","-1.72%"
"12/05/2017","160.00","160.75","160.75","159.25","4.55K","-1.08%"
"12/04/2017","161.75","159.75","162.00","159.75","17.59K","1.41%"
"12/01/2017","159.50","158.75","159.75","158.00","7.72K","0.00%"
"11/30/2017","159.50","158.50","159.75","158.00","15.13K","0.31%"
"11/29/2017","159.00","156.75","159.00","156.75","19.69K","1.44%"
"11/28/2017","156.75","157.25","157.25","156.50","21.00K","-0.16%"
"11/27/2017","157.00","157.50","157.50","156.75","18.83K","-0.48%"
"11/24/2017","157.75","158.25","158.50","157.50","16.55K","-0.32%"
"11/23/2017","158.25","158.50","158.75","158.00","15.73K","-0.31%"
"11/22/2017","158.75","158.25","159.00","158.25","16.31K","0.32%"
"11/21/2017","158.25","157.50","158.50","157.25","31.89K","0.32%"
"11/20/2017","157.75","158.25","158.75","157.75","19.09K","-0.63%"
"11/17/2017","158.75","158.75","159.00","158.25","18.58K","0.00%"
"11/16/2017","158.75","159.50","159.75","158.75","21.75K","-0.31%"
"11/15/2017","159.25","159.50","159.75","158.75","33.18K","-0.31%"
"11/14/2017","159.75","159.50","160.00","159.25","27.22K","0.16%"
"11/13/2017","159.50","160.25","160.25","159.50","16.29K","-0.62%"
"11/10/2017","160.50","160.50","161.00","160.00","18.79K","0.16%"
"11/09/2017","160.25","161.50","161.75","160.25","24.91K","-0.16%"
"11/08/2017","160.50","161.75","162.00","160.50","18.66K","-0.77%"
"11/07/2017","161.75","162.75","163.00","161.75","14.33K","-0.61%"
"11/06/2017","162.75","162.75","163.00","162.00","12.48K","0.46%"
"11/03/2017","162.00","163.00","163.25","161.25","17.68K","-0.61%"
"11/02/2017","163.00","160.25","163.00","160.00","25.68K","2.19%"
"11/01/2017","159.50","161.75","162.00","159.25","22.04K","-1.54%"
"10/31/2017","162.00","163.25","163.50","161.25","19.25K","-0.92%"
"10/30/2017","163.50","163.00","163.50","162.50","12.80K","0.31%"
"10/27/2017","163.00","162.75","163.25","162.75","18.93K","0.31%"
"10/26/2017","162.50","161.50","162.50","161.25","14.61K","0.46%"
"10/25/2017","161.75","161.50","162.75","161.50","14.86K","0.31%"
"10/24/2017","161.25","162.00","162.00","161.25","8.27K","-0.31%"
"10/23/2017","161.75","161.25","162.00","160.50","11.57K","0.31%"
"10/20/2017","161.25","161.50","162.00","161.00","10.61K","-0.15%"
"10/19/2017","161.50","161.50","162.25","161.00","16.56K","0.00%"
"10/18/2017","161.50","162.25","162.25","161.25","13.70K","-0.62%"
"10/17/2017","162.50","162.25","163.00","162.25","9.51K","0.15%"
"10/16/2017","162.25","162.75","163.50","162.00","13.40K","0.15%"
"10/13/2017","162.00","161.50","162.50","160.50","13.10K","0.15%"
"10/12/2017","161.75","161.75","162.00","160.50","15.02K","0.00%"
"10/11/2017","161.75","162.50","162.75","161.00","20.26K","-0.77%"
"10/10/2017","163.00","163.50","163.75","162.75","12.86K","-0.61%"
"10/09/2017","164.00","164.75","165.00","163.75","12.98K","-0.76%"
"10/06/2017","165.25","166.50","166.75","165.00","16.60K","-0.45%"
"10/05/2017","166.00","166.00","166.50","165.50","17.10K","0.00%"
"10/04/2017","166.00","166.75","167.00","165.75","13.19K","-0.60%"
"10/03/2017","167.00","165.50","167.50","165.25","15.78K","0.91%"
"10/02/2017","165.50","166.00","166.25","164.75","15.71K","-0.30%"
"09/29/2017","166.00","166.00","167.00","165.75","20.12K","-0.30%"
"09/28/2017","166.50","167.00","167.50","166.25","19.33K","-0.30%"
"09/27/2017","167.00","166.00","167.25","165.50","18.79K","0.30%"
"09/26/2017","166.50","165.75","168.00","165.75","25.68K","0.30%"
"09/25/2017","166.00","164.25","166.25","163.75","19.83K","0.76%"
"09/22/2017","164.75","164.75","165.25","164.25","15.80K","0.00%"
"09/21/2017","164.75","163.50","164.75","163.25","16.78K","1.07%"
"09/20/2017","163.00","162.25","163.25","162.00","14.54K","0.62%"
"09/19/2017","162.00","161.75","163.00","161.25","14.68K","0.31%"
"09/18/2017","161.50","163.25","163.25","161.25","12.92K","-1.07%"
"09/15/2017","163.25","162.50","163.50","162.00","14.96K","0.00%"
"09/14/2017","163.25","161.75","163.50","161.75","18.90K","1.24%"
"09/13/2017","161.25","161.25","162.50","160.75","17.73K","1.10%"
"09/12/2017","159.50","158.75","161.00","158.75","25.32K","7.05%"
"09/11/2017","149.00","150.00","150.00","147.00","0.72K","-0.67%"
"09/08/2017","150.00","152.50","153.50","150.00","1.41K","-1.64%"
"09/07/2017","152.50","153.00","154.75","151.50","1.26K","-0.49%"
"09/06/2017","153.25","156.00","156.00","152.00","1.75K","-2.08%"
"09/05/2017","156.50","156.25","156.75","155.25","1.94K","0.32%"
"09/04/2017","156.00","153.50","156.25","152.75","5.75K","1.30%"
"09/01/2017","154.00","156.25","157.00","154.00","4.61K","-1.12%"
"08/31/2017","155.75","155.25","156.00","154.75","5.33K","0.81%"
"08/30/2017","154.50","152.75","154.75","152.75","3.29K","1.64%"
"08/29/2017","152.00","151.50","152.25","150.75","2.89K","-0.33%"
"08/28/2017","152.50","153.75","153.75","152.00","2.23K","-1.77%"
"08/25/2017","155.25","154.75","156.25","154.50","4.04K","0.81%"
"08/24/2017","154.00","153.50","154.25","153.50","4.54K","0.33%"
"08/23/2017","153.50","151.75","154.00","151.25","6.55K","1.32%"
"08/22/2017","151.50","152.25","153.50","151.25","7.95K","-0.49%"
"08/21/2017","152.25","155.25","155.50","152.00","12.52K","-2.25%"
"08/18/2017","155.75","156.25","156.50","154.75","5.48K","-0.48%"
"08/17/2017","156.50","158.50","159.00","155.00","12.41K","-1.42%"
"08/16/2017","158.75","160.00","160.25","158.25","12.28K","-0.47%"
"08/15/2017","159.50","159.00","160.25","158.25","10.73K","0.31%"
"08/14/2017","159.00","160.00","160.00","158.00","8.56K","-0.93%"
"08/11/2017","160.50","161.00","161.00","160.00","12.21K","-0.62%"
"08/10/2017","161.50","161.75","164.75","161.25","11.80K","0.00%"
"08/09/2017","161.50","161.75","161.75","161.00","4.13K","-0.15%"
"08/08/2017","161.75","162.75","163.00","161.50","6.79K","-0.15%"
"08/07/2017","162.00","163.50","163.50","162.00","10.54K","-0.77%"
"08/04/2017","163.25","163.25","164.25","163.00","8.18K","-0.15%"
"08/03/2017","163.50","164.25","164.50","163.25","8.98K","-0.91%"
"08/02/2017","165.00","166.00","166.25","164.75","14.26K","-0.60%"
"08/01/2017","166.00","167.50","167.75","165.75","19.12K","-1.34%"
"07/31/2017","168.25","169.25","169.25","168.00","9.11K","-1.17%"
"07/28/2017","170.25","169.00","170.50","168.75","10.32K","0.89%"
"07/27/2017","168.75","168.50","169.50","168.25","8.92K","0.45%"
"07/26/2017","168.00","168.00","169.50","168.00","14.55K","-0.15%"
"07/25/2017","168.25","169.25","170.25","168.00","17.99K","-0.44%"
"07/24/2017","169.00","169.50","169.50","168.50","13.81K","-0.88%"
"07/21/2017","170.50","170.00","171.00","170.00","12.09K","0.15%"
"07/20/2017","170.25","170.50","171.25","170.00","15.90K","-0.58%"
"07/19/2017","171.25","172.50","172.50","171.00","12.41K","-0.58%"
"07/18/2017","172.25","173.75","174.75","172.00","22.18K","-0.14%"
"07/17/2017","172.50","173.00","174.25","172.25","11.40K","-0.86%"
"07/14/2017","174.00","176.50","177.00","173.25","8.92K","-0.71%"
"07/13/2017","175.25","177.25","177.25","174.50","16.58K","-2.37%"
"07/12/2017","179.50","181.50","181.50","179.00","9.47K","-1.24%"
"07/11/2017","181.75","181.00","182.00","180.00","8.29K","0.28%"
"07/10/2017","181.25","181.75","183.00","180.75","15.53K","1.26%"
"07/07/2017","179.00","176.75","179.25","176.25","9.84K","0.70%"
"07/06/2017","177.75","178.75","179.00","176.50","16.62K","-1.52%"
"07/05/2017","180.50","180.25","183.25","179.25","18.96K","0.42%"
"07/04/2017","179.75","179.75","180.25","178.75","7.86K","0.00%"
"07/03/2017","179.75","180.00","182.00","178.75","20.42K","1.84%"
"06/30/2017","176.50","175.25","178.00","174.75","21.16K","1.88%"
"06/29/2017","173.25","170.25","173.75","170.00","22.09K","2.06%"
"06/28/2017","169.75","170.00","170.50","169.00","16.38K","-0.59%"
"06/27/2017","170.75","171.75","171.75","170.50","9.08K","-0.29%"
"06/26/2017","171.25","173.25","173.25","171.00","13.54K","-1.44%"
"06/23/2017","173.75","174.75","175.25","173.50","10.51K","-0.14%"
"06/22/2017","174.00","174.75","175.00","173.75","12.58K","-0.85%"
"06/21/2017","175.50","176.50","176.50","174.75","15.39K","-0.85%"
"06/20/2017","177.00","178.50","180.00","175.75","30.56K","-0.28%"
"06/19/2017","177.50","174.25","177.75","174.25","31.66K","2.31%"
"06/16/2017","173.50","171.25","173.75","171.25","27.78K","1.76%"
"06/15/2017","170.50","169.75","170.50","169.00","11.95K","0.44%"
"06/14/2017","169.75","170.50","171.75","169.25","12.35K","0.00%"
"06/13/2017","169.75","169.00","170.00","168.75","10.43K","0.89%"
"06/12/2017","168.25","169.25","169.25","168.00","9.29K","-0.74%"